f1,recall,precision
0.8624036540103484,0.8356846473029046,0.8908876437629017
0.8625160279237061,0.837344398340249,0.8892479435957696
0.8627394909917797,0.8345781466113417,0.8928677123409293
0.8625213918991012,0.8365145228215768,0.890197232852517
0.8626499143341665,0.8356846473029046,0.8914133962820892
0.8630490956067359,0.8315352697095436,0.8970456580125336
0.8598077199019258,0.8287690179806363,0.8932617769827073
0.8628620102209653,0.8406639004149378,0.8862642169728784
0.8620541469698487,0.8323651452282158,0.8939393939393939
0.8631879914219452,0.8351313969571231,0.8931952662721894
0.8628066172271102,0.8367911479944675,0.8904916102443332
0.8622081291433463,0.8273858921161825,0.9000902798675895
0.8626891236078362,0.8359612724757953,0.8911825420230021
0.8610354223428249,0.8304287690179807,0.8939845145920191
0.8627394909917797,0.8345781466113417,0.8928677123409293
0.8623695869653429,0.8345781466113417,0.8920756948551153
0.8621185952787179,0.8284923928077456,0.8985898589858986
0.8614103116467792,0.8295988934993085,0.8957586618876942
0.8624588521535008,0.8334716459197787,0.8935349940688019
0.8619750609139337,0.8318118948824343,0.8944080904223677
0.8627113786180158,0.8326417704011065,0.8950341956586381
0.8613762644246322,0.8362378976486861,0.8880728554641598
0.8612824558881823,0.8304287690179807,0.8945172824791419
0.8625932300626102,0.8318118948824343,0.8957402442657134
0.8619102416565778,0.8287690179806363,0.8978124063530117
0.8624875053543484,0.8354080221300139,0.8913813459268005
0.8630799886132208,0.8387275242047026,0.8888888888888888
0.8623800658737667,0.8329183955739973,0.8940023752969121
0.8623198744466398,0.8359612724757953,0.8903948143783147
0.8626609442055092,0.8340248962655602,0.8933333333333333
0.8630490956067359,0.8315352697095436,0.8970456580125336
0.8625943329056659,0.8378976486860304,0.8887910798122066
0.8627843754466319,0.8340248962655602,0.8935981031416717
0.8622668579621978,0.8312586445366529,0.8956780923994039
0.8620492272462094,0.833195020746888,0.8929736139934776
0.8616884047579928,0.8315352697095436,0.8941106484235574
0.8629470672384133,0.8343015214384509,0.8936296296296297
0.8605315804510582,0.8329183955739973,0.890038427431274
0.8614405553943519,0.823789764868603,0.9026977872082449
0.86219181986554,0.8367911479944675,0.8891828336272781
0.8629020729087215,0.8348547717842324,0.8928994082840237
0.8624300674216783,0.8315352697095436,0.8957091775923719
0.8626725487400725,0.8384508990318119,0.888335287221571
0.8620886981397009,0.8334716459197787,0.8927407407407407
0.8631308810944534,0.837344398340249,0.8905560458958517
0.862923909945354,0.8376210235131397,0.8898031148986189
0.8613974799536815,0.8320885200553251,0.8928465420005937
0.8627563459051367,0.8320885200553251,0.8957712924359738
0.8614501076807642,0.8298755186721992,0.8955223880597015
0.8597065945017079,0.8348547717842324,0.8860833822665883
0.8611629576448704,0.8295988934993085,0.895223880597015
0.8608608608603614,0.8326417704011065,0.8910597986974541
0.8616623526023194,0.8287690179806363,0.8972746331236897
0.8632947976873622,0.8262793914246196,0.9037821482602117
0.8620097337527213,0.8329183955739973,0.8932067635716404
0.8625646923514271,0.8298755186721992,0.8979347500748279
0.8612059158129247,0.8376210235131397,0.8861574480538484
0.862627130783056,0.8329183955739973,0.8945335710041592
0.8632990867574913,0.8367911479944675,0.8915414087827881
0.8634549600907204,0.8378976486860304,0.8906204057630108
0.860705073086345,0.8307053941908714,0.8929527207850134
0.8625646923514271,0.8298755186721992,0.8979347500748279
0.8622941510500398,0.8401106500691563,0.8856809565470983
0.8626775721045372,0.8315352697095436,0.8962432915921288
0.8614681519560843,0.8343015214384509,0.8904635370534396
0.8615517738673981,0.8262793914246196,0.8999698704429044
0.8629939428896075,0.8276625172890733,0.90147634829768
0.8616225546600301,0.8284923928077456,0.8975127359904106
0.8632515425450595,0.8320885200553251,0.8968395945140131
0.8622120475027198,0.8334716459197787,0.8930053349140487
0.8617354196296568,0.8378976486860304,0.8869692532942899
0.862374821172605,0.8337482710926695,0.8930370370370371
0.8628800917952553,0.8320885200553251,0.8960381292820971
0.8629354654478157,0.8359612724757953,0.8917084685748008
0.8617021276590752,0.829045643153527,0.8970368153247531
0.862222222221723,0.8318118948824343,0.8949404761904762
0.8613180515754318,0.8315352697095436,0.8933135215453195
0.8624011502511183,0.8295988934993085,0.8979041916167665
0.861653272100534,0.8304287690179807,0.8953176260065613
0.8613662456941047,0.83015214384509,0.8950193856248136
0.8632210165614651,0.8362378976486861,0.8920035408675125
0.8629629629624633,0.8378976486860304,0.8895741556534508
0.8622273249133927,0.8309820193637621,0.8959141067700567
0.8618911174780107,0.8320885200553251,0.8939078751857356
0.8612037708479421,0.8213001383125864,0.9051829268292683
0.8623826714796453,0.8260027662517289,0.9021148036253777
0.8607302641068757,0.8248962655601659,0.899818949909475
0.8628179479846392,0.8351313969571231,0.892403192432752
0.8627167630052813,0.8257261410788381,0.903177004538578
0.8631638900749666,0.8384508990318119,0.8893779342723005
0.8621575342460758,0.8356846473029046,0.8903625110521662
0.861737257716658,0.83015214384509,0.8958208955223881
0.8624768419547519,0.8370677731673583,0.8894767783656673
0.8627843754466319,0.8340248962655602,0.8935981031416717
0.8613138686126391,0.8323651452282158,0.8923487544483986
0.8618354703928158,0.8273858921161825,0.8992784125075165
0.862128641476282,0.8268326417704011,0.9005724615848147
0.8629136226896597,0.833195020746888,0.8948306595365418
0.8619006603497734,0.8304287690179807,0.8958519844822441
0.86152083631627,0.8320885200553251,0.8931116389548693
0.8627057981383696,0.8334716459197787,0.8940652818991098
0.8630038731884263,0.8320885200553251,0.8963051251489869
0.8621726062682854,0.833195020746888,0.8932384341637011
0.8628685943310207,0.8337482710926695,0.8940967072085435
0.8627676390280968,0.8304287690179807,0.8977272727272727
0.8621726062682854,0.833195020746888,0.8932384341637011
0.86328858091476,0.8271092669432918,0.9027777777777778
0.8610634648365503,0.833195020746888,0.8908606921029282
0.8616262482163335,0.8354080221300139,0.8895434462444771
0.862058993637442,0.8246196403872752,0.9030596788851863
0.8626609442055092,0.8340248962655602,0.8933333333333333
0.8629921259837524,0.8337482710926695,0.8943620178041543
0.862939841089171,0.8412171507607192,0.8858141567142441
0.8623354321689339,0.8334716459197787,0.8932700859768752
0.861627069833914,0.8276625172890733,0.8984984984984985
0.8623510836797073,0.8309820193637621,0.89618138424821
0.862823061629719,0.840387275242047,0.8864896410854975
0.8627956989242318,0.8323651452282158,0.8955357142857143
0.8629704108009945,0.8309820193637621,0.8975201673140125
0.861800346219928,0.8262793914246196,0.9005125113053964
0.859094790776614,0.8348547717842324,0.8847845206684257
0.8620788121068677,0.8351313969571231,0.8908232516966657
0.8615912012564638,0.8343015214384509,0.8907265209686946
0.8617769484708658,0.8304287690179807,0.8955847255369929
0.8622273249133927,0.8309820193637621,0.8959141067700567
0.8621575342460758,0.8356846473029046,0.8903625110521662
0.8623720997256861,0.8276625172890733,0.9001203369434416
0.8626389284691499,0.837344398340249,0.8895092565383486
0.8631189527598874,0.8390041493775934,0.8886610020509815
0.861271676300079,0.8243430152143845,0.9016641452344932
0.8623563218385811,0.83015214384509,0.8971599402092676
0.8634486686596171,0.8387275242047026,0.8896713615023474
0.8624141876425211,0.8340248962655602,0.892804264139769
0.8634875444834863,0.8390041493775934,0.8894428152492668
0.8609328198540148,0.8348547717842324,0.8886925795053003
0.8627733026462212,0.8295988934993085,0.8987114174408151
0.8629862700223838,0.8345781466113417,0.8933965057743559
0.8631368631363635,0.8365145228215768,0.8915094339622641
0.861103089806027,0.8248962655601659,0.9006342494714588
0.8610871440892333,0.8282157676348548,0.8966756513926325
0.8613348676634824,0.8282157676348548,0.8972130656278094
0.8599769982743714,0.8273858921161825,0.8952409458246035
0.862304409672331,0.8384508990318119,0.8875549048316251
0.8616884047579928,0.8315352697095436,0.8941106484235574
0.861636127542424,0.8260027662517289,0.9004825090470446
0.8621968616257485,0.8359612724757953,0.8901325478645066
0.8619451228266807,0.8298755186721992,0.8965929468021518
0.862330235882274,0.8343015214384509,0.8923076923076924
0.8629687722795518,0.8370677731673583,0.8905238375515009
0.8614017486020519,0.8312586445366529,0.8938132064247472
0.8609633357291916,0.8282157676348548,0.8964071856287426
0.8615516502352485,0.8340248962655602,0.8909574468085106
0.8621928437988973,0.8298755186721992,0.8971291866028708
0.8624641833805894,0.8326417704011065,0.8945022288261516
0.8620983793000406,0.8387275242047026,0.8868090084820123
0.8619548006328678,0.8282157676348548,0.8985594237695078
0.8622617170698748,0.8320885200553251,0.8947055324211779
0.8616045845267213,0.8318118948824343,0.8936106983655275
0.861921097769655,0.8340248962655602,0.8917480035492458
0.8620888632424322,0.8265560165975103,0.900813988543865
0.8616838487967514,0.8323651452282158,0.8931433659839715
0.8626609442055092,0.8340248962655602,0.8933333333333333
0.8620443173690502,0.8340248962655602,0.8920118343195266
0.8606722206257575,0.8287690179806363,0.8951299671347476
0.861706720390924,0.8282157676348548,0.8980203959208158
0.8621776504293001,0.8323651452282158,0.8942050520059436
0.8619702176398213,0.8326417704011065,0.8934401899673493
0.8621625482068995,0.8348547717842324,0.8913171884229178
0.8628743372971077,0.8329183955739973,0.8950653983353151
0.8597759818511946,0.8387275242047026,0.8819080860965678
0.8621928437988973,0.8298755186721992,0.8971291866028708
0.8612991502227473,0.8271092669432918,0.8984375
0.8600947051221869,0.829045643153527,0.8935599284436494
0.8627002288324526,0.8343015214384509,0.8931003849570625
0.8628800917952553,0.8320885200553251,0.8960381292820971
0.8620053893059816,0.8406639004149378,0.8844586728754366
0.8629862700223838,0.8345781466113417,0.8933965057743559
0.861851533390157,0.8318118948824343,0.8941421349985132
0.862359149906789,0.8362378976486861,0.8901648998822144
0.8632149479384535,0.8370677731673583,0.8910482921083628
0.8631968145615025,0.8395573997233748,0.8882060286801288
0.8631759166780566,0.8367911479944675,0.8912787271655863
0.8620146152738952,0.8320885200553251,0.8941736028537456
0.8625089605729773,0.8320885200553251,0.8952380952380953
0.8615562292473715,0.8254495159059474,0.9009661835748792
0.8619645175243819,0.8265560165975103,0.9005424954792043
0.862148856066689,0.8235131396957123,0.9045882710422364
0.862542955325961,0.833195020746888,0.8940338379341051
0.8606651376141795,0.8304287690179807,0.8931865516215413
0.8620788943271713,0.8282157676348548,0.8988291804262984
0.8628628628623634,0.8345781466113417,0.8931320307874482
0.8630431664988553,0.8323651452282158,0.8960690887432996
0.8624748779782547,0.8309820193637621,0.8964488212473889
0.8624999999995003,0.8398340248962656,0.8864233576642335
0.8622668579621978,0.8312586445366529,0.8956780923994039
0.8618533257527693,0.8387275242047026,0.8862905583162818
0.8629629629624633,0.8378976486860304,0.8895741556534508
0.8619006603497734,0.8304287690179807,0.8958519844822441
0.8623011892816328,0.8323651452282158,0.8944708680142688
0.8627005537408037,0.840387275242047,0.8862310385064177
0.862374821172605,0.8337482710926695,0.8930370370370371
0.8619006603497734,0.8304287690179807,0.8958519844822441
0.8629862700223838,0.8345781466113417,0.8933965057743559
0.862739531582183,0.8406639004149378,0.88600583090379
0.8629470672384133,0.8343015214384509,0.8936296296296297
0.8622375611154053,0.8293222683264178,0.8978736148547469
0.8626161543954977,0.8345781466113417,0.892603550295858
0.8613475688928784,0.8257261410788381,0.9001809408926418
0.861679301959163,0.833195020746888,0.8921800947867299
0.8626835876224863,0.8367911479944675,0.8902295467922308
0.8612344264637708,0.8318118948824343,0.892814726840855
0.8610354223428249,0.8304287690179807,0.8939845145920191
0.8632576845728992,0.8312586445366529,0.8978189423364207
0.8613493424809185,0.8334716459197787,0.891156462585034
0.8620097337527213,0.8329183955739973,0.8932067635716404
0.8610831777038536,0.829045643153527,0.8956963538553496
0.8631428571423576,0.8356846473029046,0.892466765140325
0.8621575342460758,0.8356846473029046,0.8903625110521662
0.8619306788880712,0.8323651452282158,0.8936738936738937
0.8627730972435387,0.8356846473029046,0.8916765053128689
0.8620788121068677,0.8351313969571231,0.8908232516966657
0.8624535315980135,0.8343015214384509,0.8925717667949097
0.8628963153379752,0.8356846473029046,0.8919397697077059
0.8629903354173513,0.8398340248962656,0.887459807073955
0.8629296819278987,0.8367911479944675,0.89075382803298
0.8624194702929866,0.833195020746888,0.8937685459940653
0.8625877632893703,0.8326417704011065,0.8947681331747919
0.8634739099351688,0.8354080221300139,0.893491124260355
0.862385321100418,0.8320885200553251,0.8949717346027968
0.8625592417056619,0.8307053941908714,0.8969534050179212
0.8629845236399944,0.8406639004149378,0.8865227537922987
0.8625106746365627,0.8381742738589212,0.8883025505716798
0.862789705672755,0.8392807745504841,0.88765359859567
0.8624588521535008,0.8334716459197787,0.8935349940688019
0.863434863434364,0.8351313969571231,0.8937240970988751
0.8627171745936331,0.8378976486860304,0.8890519518638098
0.8613180515754318,0.8315352697095436,0.8933135215453195
0.8622960206121545,0.833195020746888,0.8935034114506081
0.8621036016640149,0.8309820193637621,0.8956469886702445
0.8616806237361454,0.8254495159059474,0.9012382965871338
0.8598561151074144,0.8265560165975103,0.895952023988006
0.8624384593102453,0.823789764868603,0.904892130051656
0.8611230791320584,0.8293222683264178,0.8954599761051374
0.8629354654478157,0.8359612724757953,0.8917084685748008
0.8626492161651845,0.8295988934993085,0.8984421809466746
0.8623695869653429,0.8345781466113417,0.8920756948551153
0.8624460431649684,0.829045643153527,0.8986506746626687
0.8626664757262655,0.833195020746888,0.8942992874109263
0.8631819480143533,0.8359612724757953,0.8922350162385592
0.8610478359903889,0.8365145228215768,0.8870636550308009
0.8614587829084346,0.8282157676348548,0.8974820143884892
0.8622771707873098,0.8295988934993085,0.8976354384914697
0.8593548387091781,0.829045643153527,0.8919642857142858
0.8621135873467329,0.8293222683264178,0.8976047904191616
0.8631130063960888,0.8398340248962656,0.887719298245614
0.8621236133117035,0.8276625172890733,0.899579073962718
0.8610990913019673,0.8257261410788381,0.8996383363471971
0.8625932300626102,0.8318118948824343,0.8957402442657134
0.862542955325961,0.833195020746888,0.8940338379341051
0.8630918425551194,0.8370677731673583,0.8907859876361496
0.8622617170698748,0.8320885200553251,0.8947055324211779
0.8615340419414714,0.8295988934993085,0.8960262922019719
0.8627002288324526,0.8343015214384509,0.8931003849570625
0.86147681740076,0.8326417704011065,0.8923806700266825
0.8619750609139337,0.8318118948824343,0.8944080904223677
0.8618973119039237,0.8381742738589212,0.8870023419203747
0.8624513898885978,0.8282157676348548,0.8996394230769231
0.8620837501781484,0.8343015214384509,0.8917800118273211
0.8623271889395929,0.8282157676348548,0.8993691799339141
0.8616225546600301,0.8284923928077456,0.8975127359904106
0.8629687722795518,0.8370677731673583,0.8905238375515009
0.8614631336400538,0.8273858921161825,0.8984680084109342
0.8626946706667387,0.8351313969571231,0.8921394799054374
0.8624407072008806,0.8298755186721992,0.8976660682226212
0.8617816091949031,0.8295988934993085,0.8965620328849029
0.8621928437988973,0.8298755186721992,0.8971291866028708
0.8612949640282777,0.827939142461964,0.8974512743628186
0.8632001145962632,0.8334716459197787,0.8951277480689246
0.8605451936867317,0.8295988934993085,0.8938897168405365
0.8623250499852188,0.8351313969571231,0.8913492766459994
0.8627733026462212,0.8295988934993085,0.8987114174408151
0.862478286044666,0.8240663900414937,0.9046462192529608
0.8631216855376974,0.8329183955739973,0.8955978584176085
0.8630313439239318,0.8340248962655602,0.8941281138790036
0.8623487544478989,0.8378976486860304,0.8882697947214077
0.8632806942661101,0.8392807745504841,0.8886936145284124
0.8627283105017836,0.8362378976486861,0.8909519599174771
0.8630175836637091,0.8417704011065007,0.8853651440209485
0.8618213157133761,0.8298755186721992,0.89632506722438
0.8635002139490084,0.837344398340249,0.8913427561837456
0.8623435722406835,0.8387275242047026,0.88732806555458
0.8626499143341665,0.8356846473029046,0.8914133962820892
0.8623905868842762,0.8312586445366529,0.8959451401311866
0.8614103116467792,0.8295988934993085,0.8957586618876942
0.8615738081557328,0.8298755186721992,0.8957897879964168
0.8622463561012438,0.8345781466113417,0.8918120011823825
0.8620097337527213,0.8329183955739973,0.8932067635716404
0.8601169257088974,0.8343015214384509,0.8875809299587993
0.8612467681695668,0.8293222683264178,0.8957275171795638
0.8618213157133761,0.8298755186721992,0.89632506722438
0.862923909945354,0.8376210235131397,0.8898031148986189
0.8615916955012309,0.8265560165975103,0.8997289972899729
0.8617722971030279,0.8312586445366529,0.8946114915153319
0.8615696495795763,0.8229598893499308,0.9039805530233972
0.8627953316248919,0.8384508990318119,0.8885957197302844
0.8619402985069633,0.8307053941908714,0.8956158663883089
0.86147681740076,0.8326417704011065,0.8923806700266825
0.8619198616310949,0.8271092669432918,0.8997893469756244
0.8624011502511183,0.8295988934993085,0.8979041916167665
0.8628400512742476,0.8378976486860304,0.8893129770992366
0.8623115577884454,0.8307053941908714,0.8964179104477612
0.8631097124869844,0.8345781466113417,0.8936611374407583
0.8600172463346545,0.8276625172890733,0.8950044869877356
0.8631578947363425,0.8392807745504841,0.8884333821376281
0.8624963966555977,0.8276625172890733,0.9003912127595546
0.8621726062682854,0.833195020746888,0.8932384341637011
0.861340941511626,0.8351313969571231,0.8892488954344624
0.8611548932506827,0.8312586445366529,0.893281807372176
0.860174960561669,0.8295988934993085,0.8930911256700417
0.8628009687984747,0.8376210235131397,0.8895417156286721
0.8622310870489378,0.8370677731673583,0.8889541715628673
0.861014994232488,0.8260027662517289,0.8991267690454682
0.8625267665947896,0.8356846473029046,0.8911504424778761
0.8616578077857383,0.8295988934993085,0.8962940824865511
0.8612591845550404,0.8268326417704011,0.8986770895971137
0.860991688162298,0.8309820193637621,0.8932500743383883
0.861215087819829,0.8273858921161825,0.8979285499849895
0.8617558022194807,0.8268326417704011,0.8997591812161349
0.8614638322152232,0.8351313969571231,0.8895109015910431
0.8615472452178847,0.8348547717842324,0.890002948982601
0.86292069911838,0.8262793914246196,0.902962515114873
0.8615517738673981,0.8262793914246196,0.8999698704429044
0.8624300674216783,0.8315352697095436,0.8957091775923719
0.8622514661702917,0.8337482710926695,0.8927725118483413
0.8625756266200713,0.8282157676348548,0.8999098286744815
0.8610033060222118,0.8284923928077456,0.8961699581089169
0.8619163215759676,0.8348547717842324,0.8907910271546635
0.861816616443754,0.8307053941908714,0.8953488372093024
0.861636127542424,0.8260027662517289,0.9004825090470446
0.862997993693969,0.8329183955739973,0.8953315492120131
0.8621135873467329,0.8293222683264178,0.8976047904191616
0.8630646083471277,0.8351313969571231,0.8929310854776693
0.8621085894852806,0.83015214384509,0.8966238422467881
0.8622426946878554,0.8284923928077456,0.898859543817527
0.8636233951492864,0.837344398340249,0.8916053019145803
0.8623615705445892,0.8293222683264178,0.8981426003594967
0.8617280412661578,0.8318118948824343,0.8938763376932224
0.862555191567653,0.8376210235131397,0.8890193775689958
0.8620394173088408,0.8348547717842324,0.8910540301151462
0.8621431645383042,0.8312586445366529,0.8954112038140644
0.8628685943310207,0.8337482710926695,0.8940967072085435
0.8631308810944534,0.837344398340249,0.8905560458958517
0.8610634648365503,0.833195020746888,0.8908606921029282
0.8623905868842762,0.8312586445366529,0.8959451401311866
0.8621625482068995,0.8348547717842324,0.8913171884229178
0.8625660054226487,0.8359612724757953,0.8909198113207547
0.8614146060949579,0.8287690179806363,0.8967375037413948
0.8623958632571852,0.8304287690179807,0.8969226172691963
0.862923909945354,0.8376210235131397,0.8898031148986189
0.8627730972435387,0.8356846473029046,0.8916765053128689
0.8595017793589311,0.8351313969571231,0.8853372434017596
0.8619999999995005,0.8345781466113417,0.8912850812407681
0.8613222429365436,0.8307053941908714,0.8942823108993448
0.8628571428566435,0.8354080221300139,0.8921713441654358
0.8599283154116871,0.8295988934993085,0.8925595238095239
0.860930969879887,0.8262793914246196,0.8986161251504212
0.8618768747316816,0.8345781466113417,0.8910218546958063
0.8611308930346805,0.8362378976486861,0.8875513799177921
0.8633629332564471,0.8337482710926695,0.8951588951588951
0.8620443173690502,0.8340248962655602,0.8920118343195266
0.8619596541781752,0.8273858921161825,0.8995488721804511
0.862338400340458,0.8395573997233748,0.8863901869158879
0.8627787307027596,0.8348547717842324,0.8926353149955635
0.8622030237576002,0.8282157676348548,0.8990990990990991
0.8620293187692623,0.8295988934993085,0.8970984145976668
0.8622668579621978,0.8312586445366529,0.8956780923994039
0.863033448673088,0.827939142461964,0.9012345679012346
0.8623800658737667,0.8329183955739973,0.8940023752969121
0.8606216874368305,0.8309820193637621,0.8924539512774807
0.8619198616310949,0.8271092669432918,0.8997893469756244
0.8634875444834863,0.8390041493775934,0.8894428152492668
0.8616487455192138,0.8312586445366529,0.8943452380952381
0.861226239816565,0.8334716459197787,0.8908929627439385
0.8614318706692468,0.8254495159059474,0.9006942348324781
0.8622771707873098,0.8295988934993085,0.8976354384914697
0.861816616443754,0.8307053941908714,0.8953488372093024
0.8624194702929866,0.833195020746888,0.8937685459940653
0.8616884047579928,0.8315352697095436,0.8941106484235574
0.863317589809147,0.8343015214384509,0.8944246737841044
0.8620345270361676,0.8356846473029046,0.8901001767825575
0.8630943829904504,0.8309820193637621,0.8977884040645547
0.8613704927447959,0.8293222683264178,0.8959952181709504
0.8629412605397321,0.8351313969571231,0.8926670609107037
0.8626664757262655,0.833195020746888,0.8942992874109263
0.8631519113253494,0.8401106500691563,0.8874926943308007
0.8633424342572964,0.8309820193637621,0.8983253588516746
0.8627338129491411,0.8293222683264178,0.8989505247376312
0.8628743372971077,0.8329183955739973,0.8950653983353151
0.861980648832739,0.8378976486860304,0.8874890125988866
0.8626554237525376,0.8348547717842324,0.8923713778829095
0.8626664757262655,0.833195020746888,0.8942992874109263
0.8631097124869844,0.8345781466113417,0.8936611374407583
0.8626831370290899,0.8307053941908714,0.8972213922916045
0.8623695869653429,0.8345781466113417,0.8920756948551153
0.8622171297617464,0.8326417704011065,0.893970893970894
0.8607266435981167,0.8257261410788381,0.8988256549232159
0.8615296312234927,0.8304287690179807,0.8950506857483602
0.86284074605402,0.8318118948824343,0.896274217585693
0.8615560640727271,0.833195020746888,0.8919159016878887
0.8634423897576795,0.8395573997233748,0.8887262079062958
0.8614189091950685,0.827939142461964,0.8977204559088182
0.8619006603497734,0.8304287690179807,0.8958519844822441
0.8628571428566435,0.8354080221300139,0.8921713441654358
0.8620092378747897,0.8260027662517289,0.9012979172955026
0.8615562292473715,0.8254495159059474,0.9009661835748792
0.8602088996990285,0.8315352697095436,0.8909306461173682
0.8630254503855458,0.8348547717842324,0.8931636578869488
0.8630918425551194,0.8370677731673583,0.8907859876361496
0.8614811631566414,0.8318118948824343,0.8933452168746286
0.8627843754466319,0.8340248962655602,0.8935981031416717
0.8634749254150424,0.8406639004149378,0.8875584112149533
0.8631337067351031,0.8312586445366529,0.8975507765830346
0.8629629629624633,0.8378976486860304,0.8895741556534508
0.8621181844128604,0.8354080221300139,0.8905927455028015
0.8616623526023194,0.8287690179806363,0.8972746331236897
0.8623827125385961,0.8390041493775934,0.8871014916642294
0.8610990913019673,0.8257261410788381,0.8996383363471971
0.8628287135744825,0.8395573997233748,0.8874269005847953
0.8618609994251182,0.83015214384509,0.8960883845924157
0.8615517738673981,0.8262793914246196,0.8999698704429044
0.8621135873467329,0.8293222683264178,0.8976047904191616
0.8622550411809828,0.8398340248962656,0.8859060402684564
0.8625768625763631,0.8343015214384509,0.8928359976317347
0.8617326448646757,0.8309820193637621,0.8948465892165625
0.8617159336692917,0.8265560165975103,0.9
0.8626946706667387,0.8351313969571231,0.8921394799054374
0.8630431664988553,0.8323651452282158,0.8960690887432996
0.8621281464525897,0.8337482710926695,0.8925081433224755
0.8630740793397536,0.8395573997233748,0.8879461673493271
0.8628174209102677,0.8412171507607192,0.8855562026790914
0.8619020501133956,0.837344398340249,0.8879436784980933
0.8625877632893703,0.8326417704011065,0.8947681331747919
0.8624170752807238,0.8271092669432918,0.9008737571557698
0.8608931373942785,0.8345781466113417,0.8889216263995285
0.8625089605729773,0.8320885200553251,0.8952380952380953
0.8623695869653429,0.8345781466113417,0.8920756948551153
0.8614232209732835,0.8271092669432918,0.898707544334235
0.8625414683393249,0.8271092669432918,0.9011452682338759
0.861706720390924,0.8282157676348548,0.8980203959208158
0.8624928530583914,0.8345781466113417,0.8923395445134575
0.8609955530048083,0.83015214384509,0.8942193087008343
0.8630313439239318,0.8340248962655602,0.8941281138790036
0.862553802008109,0.8315352697095436,0.8959761549925485
0.8629412605397321,0.8351313969571231,0.8926670609107037
0.8610393339070517,0.8295988934993085,0.894956729334527
0.8600516203034868,0.8295988934993085,0.8928252456088122
0.8618848318655711,0.8260027662517289,0.9010259505129753
0.8607703281022108,0.8345781466113417,0.8886597938144329
0.8625375482758559,0.8340248962655602,0.893068720379147
0.8630586891327291,0.8359612724757953,0.8919716646989374
0.8621928437988973,0.8298755186721992,0.8971291866028708
0.8610033060222118,0.8284923928077456,0.8961699581089169
0.8623167576884918,0.8298755186721992,0.8973975471133713
0.861653272100534,0.8304287690179807,0.8953176260065613
0.8628013777262515,0.8315352697095436,0.8965105875335521
0.8625035806354215,0.8329183955739973,0.8942678942678942
0.8626279863476232,0.8390041493775934,0.887620719929763
0.8624875053543484,0.8354080221300139,0.8913813459268005
0.8600545428443406,0.8287690179806363,0.8937947494033412
0.860174960561669,0.8295988934993085,0.8930911256700417
0.8605921241731138,0.8282157676348548,0.8956027520191445
0.8607015032206888,0.8315352697095436,0.8919881305637982
0.8611906124780352,0.8323651452282158,0.8920841980432849
0.861915046795757,0.827939142461964,0.8987987987987988
0.8616397195588081,0.8329183955739973,0.8924125666864257
0.860991688162298,0.8309820193637621,0.8932500743383883
0.8631216855376974,0.8329183955739973,0.8955978584176085
0.8626334519567957,0.8381742738589212,0.8885630498533724
0.8616315941188435,0.8268326417704011,0.8994884140836593
0.8627113786180158,0.8326417704011065,0.8950341956586381
0.8615340419414714,0.8295988934993085,0.8960262922019719
0.8628013777262515,0.8315352697095436,0.8965105875335521
0.8621331424476038,0.8329183955739973,0.8934718100890208
0.8624270877787008,0.8384508990318119,0.8878148799062683
0.8627843754466319,0.8340248962655602,0.8935981031416717
0.8611230791320584,0.8293222683264178,0.8954599761051374
0.8616714697401348,0.8271092669432918,0.8992481203007519
0.8608720596667411,0.83015214384509,0.8939529341674114
0.8617886178856794,0.8356846473029046,0.8895759717314488
0.8596390718986698,0.83015214384509,0.8912978912978913
0.8618468146022207,0.8326417704011065,0.8931750741839762
0.8629078420143832,0.8340248962655602,0.8938630299436703
0.8615030233222764,0.8276625172890733,0.8982287601320925
0.8614674931521605,0.8265560165975103,0.8994581577363034
0.8615296312234927,0.8304287690179807,0.8950506857483602
0.861564918314204,0.8315352697095436,0.8938447814451382
0.8613535555868522,0.8326417704011065,0.8921161825726142
0.8631578947363425,0.8392807745504841,0.8884333821376281
0.8619994237966774,0.8276625172890733,0.8993086865043582
0.8621532269651467,0.8295988934993085,0.8973668461998803
0.8624535315980135,0.8343015214384509,0.8925717667949097
0.8611391492424713,0.8260027662517289,0.8993975903614457
0.8634993540973906,0.8320885200553251,0.8973747016706444
0.860694384911631,0.833195020746888,0.8900709219858156
0.8627002288324526,0.8343015214384509,0.8931003849570625
0.8625305887428432,0.8287690179806363,0.8991596638655462
0.8628350293817566,0.8326417704011065,0.8953004164187983
0.8622908622903629,0.8340248962655602,0.8925399644760214
0.8625646923514271,0.8298755186721992,0.8979347500748279
0.8623668298296189,0.8284923928077456,0.8991293905734014
0.8596192100023421,0.8367911479944675,0.8837277242185217
0.8626106826615971,0.8354080221300139,0.8916445231768527
0.8617558022194807,0.8268326417704011,0.8997591812161349
0.8615693587715563,0.8307053941908714,0.8948152562574494
0.8623198744466398,0.8359612724757953,0.8903948143783147
0.8626720183481245,0.8323651452282158,0.8952692650996728
0.8622979214775609,0.8262793914246196,0.9015997585270148
0.861489880866445,0.83015214384509,0.8952863961813843
0.8629354654478157,0.8359612724757953,0.8917084685748008
0.862923909945354,0.8376210235131397,0.8898031148986189
0.8625932300626102,0.8318118948824343,0.8957402442657134
0.8632028469745894,0.8387275242047026,0.8891495601173021
0.861489880866445,0.83015214384509,0.8952863961813843
0.86284074605402,0.8318118948824343,0.896274217585693
0.8626041966077216,0.83015214384509,0.8976966796290757
0.8620689655167422,0.8298755186721992,0.8968609865470852
0.862885857860233,0.8312586445366529,0.8970149253731343
0.8603494814599351,0.8376210235131397,0.8843457943925234
0.8626041966077216,0.83015214384509,0.8976966796290757
0.8621135873467329,0.8293222683264178,0.8976047904191616
0.8610189060465494,0.8251728907330567,0.90012070006035
0.8625768625763631,0.8343015214384509,0.8928359976317347
0.8617537846324624,0.8345781466113417,0.8907587835842928
0.8626096964460552,0.8293222683264178,0.8986810551558753
0.8624928530583914,0.8345781466113417,0.8923395445134575
0.8627338951573351,0.8354080221300139,0.8919078558771412
0.8632515425450595,0.8320885200553251,0.8968395945140131
0.8627394909917797,0.8345781466113417,0.8928677123409293
0.8610393339070517,0.8295988934993085,0.894956729334527
0.8616714697401348,0.8271092669432918,0.8992481203007519
0.8631669535279,0.8323651452282158,0.8963360142984808
0.8622908622903629,0.8340248962655602,0.8925399644760214
0.8623011892816328,0.8323651452282158,0.8944708680142688
0.8612741589114548,0.8320885200553251,0.8925816023738873
0.8622805765657914,0.8356846473029046,0.890625
0.8596691386190098,0.8337482710926695,0.8872534589343538
0.8616884047579928,0.8315352697095436,0.8941106484235574
0.8615252293572988,0.8312586445366529,0.894079143112169
0.8617909588247239,0.827939142461964,0.8985289702791954
0.8617583988558265,0.8337482710926695,0.8917159763313609
0.8620146152738952,0.8320885200553251,0.8941736028537456
0.8625321520429415,0.8348547717842324,0.8921075968075672
0.8623458560362085,0.8318118948824343,0.8952069068175053
0.8615867579903681,0.8351313969571231,0.8897730621868553
0.8625672995177774,0.8420470262793914,0.8841126924194017
0.8627057981383696,0.8334716459197787,0.8940652818991098
0.8621135873467329,0.8293222683264178,0.8976047904191616
0.8623250499852188,0.8351313969571231,0.8913492766459994
0.8606757728248061,0.827939142461964,0.8961077844311377
0.8614544409308029,0.829045643153527,0.8965001495662579
0.8615560640727271,0.833195020746888,0.8919159016878887
0.8633237822344577,0.8334716459197787,0.8953937592867757
0.863350485991496,0.8354080221300139,0.8932268559597752
0.8633646456015499,0.8390041493775934,0.8891820580474934
0.8620345270361676,0.8356846473029046,0.8901001767825575
0.8611428571423576,0.8337482710926695,0.8903988183161005
0.8617886178856794,0.8356846473029046,0.8895759717314488
0.8631730078961266,0.8315352697095436,0.8973134328358209
0.862374821172605,0.8337482710926695,0.8930370370370371
0.860371959942276,0.8318118948824343,0.890962962962963
0.861489880866445,0.83015214384509,0.8952863961813843
0.8631368631363635,0.8365145228215768,0.8915094339622641
0.8600947051221869,0.829045643153527,0.8935599284436494
0.8625143513198221,0.8312586445366529,0.8962123471518043
0.86147681740076,0.8326417704011065,0.8923806700266825
0.8623095543210154,0.8376210235131397,0.8884976525821596
0.8619945315867795,0.8284923928077456,0.8983203359328135
0.8620888632424322,0.8265560165975103,0.900813988543865
0.8593504077831606,0.8307053941908714,0.8900414937759336
0.8619653840647273,0.8334716459197787,0.8924763033175356
0.8607086501214344,0.8298755186721992,0.8939213349225268
0.8622565864828913,0.8329183955739973,0.8937370139507272
0.8628579651743461,0.8293222683264178,0.8992201559688062
0.8627900315090966,0.833195020746888,0.8945648945648945
0.8622171297617464,0.8326417704011065,0.893970893970894
0.8622617170698748,0.8320885200553251,0.8947055324211779
0.8615916955012309,0.8265560165975103,0.8997289972899729
0.862222222221723,0.8318118948824343,0.8949404761904762
0.8619951477089339,0.8354080221300139,0.8903301886792453
0.8613535555868522,0.8326417704011065,0.8921161825726142
0.8631428571423576,0.8356846473029046,0.892466765140325
0.8625483732258156,0.8323651452282158,0.8950029744199881
0.8624407072008806,0.8298755186721992,0.8976660682226212
0.8624429223739297,0.8359612724757953,0.8906572354848217
0.861387566709439,0.8260027662517289,0.8999397227245328
0.8602613815878964,0.8284923928077456,0.8945639187574671
0.8620689655167422,0.8298755186721992,0.8968609865470852
0.8624535315980135,0.8343015214384509,0.8925717667949097
0.861437160033855,0.8323651452282158,0.8926134678137051
0.8626106826615971,0.8354080221300139,0.8916445231768527
0.8630943829904504,0.8309820193637621,0.8977884040645547
0.8637268847790167,0.8398340248962656,0.8890190336749634
0.8624376336416957,0.8367911479944675,0.8897058823529411
0.8613662456941047,0.83015214384509,0.8950193856248136
0.8603383997700772,0.8298755186721992,0.8931229532598988
0.862282342782635,0.8287690179806363,0.8986202759448111
0.8631459398064282,0.8409405255878285,0.8865558471857684
0.8623773802649366,0.8268326417704011,0.9011154657823335
0.8631037439263368,0.8354080221300139,0.8926987880579368
0.8616135515355329,0.83015214384509,0.8955535660996717
0.8613180515754318,0.8315352697095436,0.8933135215453195
0.8630646083471277,0.8351313969571231,0.8929310854776693
0.862711623274504,0.8387275242047026,0.888107791446983
0.8608210556424702,0.8323651452282158,0.8912914691943128
0.8611946712500378,0.8315352697095436,0.893048128342246
0.8613535555868522,0.8326417704011065,0.8921161825726142
0.861340941511626,0.8351313969571231,0.8892488954344624
0.8621135873467329,0.8293222683264178,0.8976047904191616
0.8628848346631265,0.837344398340249,0.8900323434284034
0.8632868128733255,0.8384508990318119,0.8896389785735251
0.8633380884445789,0.8370677731673583,0.8913107511045656
0.8630313439239318,0.8340248962655602,0.8941281138790036
0.8616578077857383,0.8295988934993085,0.8962940824865511
0.8618307426592591,0.8282157676348548,0.8982898289828983
0.8625251653719482,0.8295988934993085,0.8981731057202755
0.8613662456941047,0.83015214384509,0.8950193856248136
0.8619115549210411,0.8356846473029046,0.8898379970544918
0.8627450980387162,0.8337482710926695,0.8938315539739027
0.8616487455192138,0.8312586445366529,0.8943452380952381
0.8630943829904504,0.8309820193637621,0.8977884040645547
0.8614724803426028,0.8334716459197787,0.8914201183431952
0.8632990867574913,0.8367911479944675,0.8915414087827881
0.8626444159173439,0.8365145228215768,0.8904593639575972
0.8628350293817566,0.8326417704011065,0.8953004164187983
0.8617491796256954,0.8354080221300139,0.8898055391868003
0.8616090635302621,0.8309820193637621,0.8945801072066706
0.8611589213993858,0.8304287690179807,0.894250819183795
0.8607194244599324,0.8273858921161825,0.8968515742128935
0.8621968616257485,0.8359612724757953,0.8901325478645066
0.8617491796256954,0.8354080221300139,0.8898055391868003
0.8616406701323721,0.8251728907330567,0.9014808099123602
0.8617234468932882,0.8326417704011065,0.8929101156926728
0.8625768625763631,0.8343015214384509,0.8928359976317347
0.8624429223739297,0.8359612724757953,0.8906572354848217
0.8625646923514271,0.8298755186721992,0.8979347500748279
0.8631973475560816,0.8282157676348548,0.901264298615292
0.861627069833914,0.8276625172890733,0.8984984984984985
0.8633461047249154,0.84149377593361,0.8863636363636364
0.8625375482758559,0.8340248962655602,0.893068720379147
0.8617205542720182,0.8257261410788381,0.9009960760639903
0.8611428571423576,0.8337482710926695,0.8903988183161005
0.861437160033855,0.8323651452282158,0.8926134678137051
0.8612741589114548,0.8320885200553251,0.8925816023738873
0.863260062802812,0.8365145228215768,0.8917723385432026
0.862997993693969,0.8329183955739973,0.8953315492120131
0.860501792114196,0.83015214384509,0.893154761904762
0.8618848318655711,0.8260027662517289,0.9010259505129753
0.861921097769655,0.8340248962655602,0.8917480035492458
0.8622908622903629,0.8340248962655602,0.8925399644760214
0.861008259754556,0.8362378976486861,0.8872908717346639
0.8614681519560843,0.8343015214384509,0.8904635370534396
0.8622960206121545,0.833195020746888,0.8935034114506081
0.8621231604509936,0.8345781466113417,0.891548463356974
0.8624802414134971,0.83015214384509,0.8974282296650717
0.8619702176398213,0.8326417704011065,0.8934401899673493
0.8630764823827718,0.8334716459197787,0.8948618948618948
0.8629687722795518,0.8370677731673583,0.8905238375515009
0.862469525311418,0.8318118948824343,0.895473496128648
0.8626887131555038,0.8298755186721992,0.8982035928143712
0.8625089605729773,0.8320885200553251,0.8952380952380953
0.8617234468932882,0.8326417704011065,0.8929101156926728
0.8626389284691499,0.837344398340249,0.8895092565383486
0.860384946853853,0.8284923928077456,0.8948311921123394
0.8608608608603614,0.8326417704011065,0.8910597986974541
0.861706720390924,0.8282157676348548,0.8980203959208158
0.8585478738785869,0.8210235131396957,0.8996665656259473
0.862469525311418,0.8318118948824343,0.895473496128648
0.8609801400195034,0.8334716459197787,0.8903664302600472
0.8623720997256861,0.8276625172890733,0.9001203369434416
0.8627843754466319,0.8340248962655602,0.8935981031416717
0.8626161543954977,0.8345781466113417,0.892603550295858
0.861075268816705,0.8307053941908714,0.89375
0.8629528855787645,0.8334716459197787,0.8945961995249406
0.8614103116467792,0.8295988934993085,0.8957586618876942
0.8627169703050522,0.8318118948824343,0.8960071513706794
0.8621734738052448,0.8262793914246196,0.9013277006638504
0.8614587829084346,0.8282157676348548,0.8974820143884892
0.8622529929318534,0.8268326417704011,0.9008438818565401
0.8623879734022185,0.8251728907330567,0.9031183772328186
0.8629194149693888,0.8323651452282158,0.8958023221196785
0.8605577689238031,0.8365145228215768,0.8860240257837679
0.8628122769445398,0.8359612724757953,0.8914454277286136
0.8618486440432318,0.8395573997233748,0.8853558926487748
0.8631609113048452,0.833195020746888,0.8953626634958383
0.8631097124869844,0.8345781466113417,0.8936611374407583
0.8608946608941617,0.8251728907330567,0.8998491704374058
0.8621036016640149,0.8309820193637621,0.8956469886702445
0.8621281464525897,0.8337482710926695,0.8925081433224755
0.8630799886132208,0.8387275242047026,0.8888888888888888
0.8623354321689339,0.8334716459197787,0.8932700859768752
0.8622463561012438,0.8345781466113417,0.8918120011823825
0.861653272100534,0.8304287690179807,0.8953176260065613
0.8627618640439639,0.837344398340249,0.8897707231040565
0.8624141876425211,0.8340248962655602,0.892804264139769
0.8620394173088408,0.8348547717842324,0.8910540301151462
0.8614718614713623,0.8257261410788381,0.9004524886877828
0.8629310344822594,0.8307053941908714,0.8977578475336323
0.8612221587659197,0.8343015214384509,0.8899380348185305
0.8632357122542629,0.8398340248962656,0.8879789412108804
0.8618354703928158,0.8273858921161825,0.8992784125075165
0.8607812276429403,0.8320885200553251,0.8915234143449912
0.862498211474676,0.8337482710926695,0.8933017190278602
0.8615296312234927,0.8304287690179807,0.8950506857483602
0.8628848346631265,0.837344398340249,0.8900323434284034
0.8623695869653429,0.8345781466113417,0.8920756948551153
0.8623563218385811,0.83015214384509,0.8971599402092676
0.8627562642364024,0.8381742738589212,0.8888237019653857
0.8624376336416957,0.8367911479944675,0.8897058823529411
0.8627394909917797,0.8345781466113417,0.8928677123409293
0.8607158257864778,0.8282157676348548,0.895870736086176
0.861653272100534,0.8304287690179807,0.8953176260065613
0.8601871850246987,0.8262793914246196,0.896996996996997
0.8627225732332743,0.8309820193637621,0.8969841743804121
0.8621675722042474,0.8340248962655602,0.8922758212488902
0.8620590765696182,0.8315352697095436,0.8949091991664185
0.8622310870489378,0.8370677731673583,0.8889541715628673
0.8625213918991012,0.8365145228215768,0.890197232852517
0.8626096964460552,0.8293222683264178,0.8986810551558753
0.8597970558805924,0.8320885200553251,0.8894145476049675
0.8624588521535008,0.8334716459197787,0.8935349940688019
0.8634146341458421,0.8323651452282158,0.8968703427719821
0.861489880866445,0.83015214384509,0.8952863961813843
0.8620492272462094,0.833195020746888,0.8929736139934776
0.862213244841515,0.8265560165975103,0.9010856453558505
0.8610189060465494,0.8251728907330567,0.90012070006035
0.8611906124780352,0.8323651452282158,0.8920841980432849
0.8614986336828029,0.8284923928077456,0.8972438585979629
0.8624821683304561,0.8362378976486861,0.8904270986745213
0.8622960206121545,0.833195020746888,0.8935034114506081
0.8620048620043627,0.8337482710926695,0.8922439313203079
0.8618657467294131,0.8293222683264178,0.8970676241771395
0.8619102416565778,0.8287690179806363,0.8978124063530117
0.8614674931521605,0.8265560165975103,0.8994581577363034
0.8633832976440401,0.8365145228215768,0.8920353982300885
0.8627002288324526,0.8343015214384509,0.8931003849570625
0.8629629629624633,0.8378976486860304,0.8895741556534508
0.8625483732258156,0.8323651452282158,0.8950029744199881
0.861915046795757,0.827939142461964,0.8987987987987988
0.8611190817785538,0.83015214384509,0.8944858420268257
0.861797913390954,0.8340248962655602,0.8914843287995269
0.8616623526023194,0.8287690179806363,0.8972746331236897
0.863260062802812,0.8365145228215768,0.8917723385432026
0.8629296819278987,0.8367911479944675,0.89075382803298
0.8624821683304561,0.8362378976486861,0.8904270986745213
0.860694384911631,0.833195020746888,0.8900709219858156
0.8618025751067968,0.833195020746888,0.8924444444444445
0.8632846087699219,0.833195020746888,0.8956289027653881
0.8606651376141795,0.8304287690179807,0.8931865516215413
0.8626041966077216,0.83015214384509,0.8976966796290757
0.8613832853020943,0.8268326417704011,0.8989473684210526
0.8631428571423576,0.8356846473029046,0.892466765140325
0.8612930788944021,0.8365145228215768,0.8875843850895215
0.8620441112868007,0.8271092669432918,0.9000602046959663
0.8627618640439639,0.837344398340249,0.8897707231040565
0.8622960206121545,0.833195020746888,0.8935034114506081
0.8621231604509936,0.8345781466113417,0.891548463356974
0.8617816091949031,0.8295988934993085,0.8965620328849029
0.8633770678831285,0.837344398340249,0.8910803650279658
0.8621776504293001,0.8323651452282158,0.8942050520059436
0.8630410022774047,0.8384508990318119,0.8891170431211499
0.8624141876425211,0.8340248962655602,0.892804264139769
0.8602457845093605,0.8326417704011065,0.8897428318060893
0.8618050541511254,0.8254495159059474,0.9015105740181268
0.8627787307027596,0.8348547717842324,0.8926353149955635
0.8621231604509936,0.8345781466113417,0.891548463356974
0.8612221587659197,0.8343015214384509,0.8899380348185305
0.861706720390924,0.8282157676348548,0.8980203959208158
0.8612700228827956,0.8329183955739973,0.8916197808705952
0.861816616443754,0.8307053941908714,0.8953488372093024
0.8629456043170689,0.840387275242047,0.8867483946293053
0.8622754491012968,0.8365145228215768,0.8896734333627537
0.8601378518088058,0.8284923928077456,0.8942968050164228
0.8635844748853452,0.8370677731673583,0.8918361332154435
0.8617769484708658,0.8304287690179807,0.8955847255369929
0.8630254503855458,0.8348547717842324,0.8931636578869488
0.8631638900749666,0.8384508990318119,0.8893779342723005
0.8635583524022465,0.8351313969571231,0.8939887474089429
0.8626554237525376,0.8348547717842324,0.8923713778829095
0.8623800658737667,0.8329183955739973,0.8940023752969121
0.8618705035966232,0.8284923928077456,0.8980509745127436
0.8626334519567957,0.8381742738589212,0.8885630498533724
0.8626664757262655,0.833195020746888,0.8942992874109263
0.8625197529085656,0.8304287690179807,0.8971906754333533
0.8627730972435387,0.8356846473029046,0.8916765053128689
0.8615472452178847,0.8348547717842324,0.890002948982601
0.8633114097793119,0.8351313969571231,0.8934596034329684
0.8611670020115731,0.8287690179806363,0.8962010170505534
0.862374821172605,0.8337482710926695,0.8930370370370371
0.8609195402293857,0.8287690179806363,0.8956651718983557
0.8609006433161553,0.8329183955739973,0.8908284023668639
0.8626554237525376,0.8348547717842324,0.8923713778829095
0.861644228014396,0.8320885200553251,0.8933768933768934
0.862282342782635,0.8287690179806363,0.8986202759448111
0.8608358466173378,0.829045643153527,0.8951612903225806
0.8622183708833832,0.8257261410788381,0.9020852221214869
0.8625483732258156,0.8323651452282158,0.8950029744199881
0.8628236303814201,0.8343015214384509,0.8933649289099526
0.8628628628623634,0.8345781466113417,0.8931320307874482
0.8611508731744218,0.8320885200553251,0.8923168199347374
0.8623271889395929,0.8282157676348548,0.8993691799339141
0.8626664757262655,0.833195020746888,0.8942992874109263
0.8628013777262515,0.8315352697095436,0.8965105875335521
0.8613222429365436,0.8307053941908714,0.8942823108993448
0.8625375482758559,0.8340248962655602,0.893068720379147
0.8626946706667387,0.8351313969571231,0.8921394799054374
0.8619402985069633,0.8307053941908714,0.8956158663883089
0.8626780626775631,0.8376210235131397,0.88928046989721
0.8629629629624633,0.8378976486860304,0.8895741556534508
0.861814046061485,0.8384508990318119,0.8865165252997953
0.8626780626775631,0.8376210235131397,0.88928046989721
0.8636428673624995,0.8348547717842324,0.8944872554831061
0.8618119266050053,0.8315352697095436,0.8943766736090449
0.8624064478981767,0.8287690179806363,0.8988898889888989
0.8628293241690309,0.8334716459197787,0.8943306619174829
0.8613306509550978,0.829045643153527,0.896232057416268
0.8625660054226487,0.8359612724757953,0.8909198113207547
0.8611670020115731,0.8287690179806363,0.8962010170505534
0.8635455324003,0.8367911479944675,0.8920672368033029
0.8625834872810124,0.8395573997233748,0.8869082407948569
0.8623147092355322,0.8367911479944675,0.8894442810937959
0.861814046061485,0.8384508990318119,0.8865165252997953
0.86152083631627,0.8320885200553251,0.8931116389548693
0.861437160033855,0.8323651452282158,0.8926134678137051
0.8625823074715877,0.8334716459197787,0.8938000593295758
0.8620541469698487,0.8323651452282158,0.8939393939393939
0.862711623274504,0.8387275242047026,0.888107791446983
0.862498211474676,0.8337482710926695,0.8933017190278602
0.8622273249133927,0.8309820193637621,0.8959141067700567
0.8624821683304561,0.8362378976486861,0.8904270986745213
0.8611190817785538,0.83015214384509,0.8944858420268257
0.8625877632893703,0.8326417704011065,0.8947681331747919
0.8631308810944534,0.837344398340249,0.8905560458958517
0.8613286916153989,0.8213001383125864,0.9054589813967673
0.862435381963889,0.8307053941908714,0.8966855777844133
0.8611906124780352,0.8323651452282158,0.8920841980432849
0.8619951477089339,0.8354080221300139,0.8903301886792453
0.8631759166780566,0.8367911479944675,0.8912787271655863
0.8609157456576032,0.8295988934993085,0.8946897374701671
0.8631968145615025,0.8395573997233748,0.8882060286801288
0.863019568632553,0.8356846473029046,0.8922031896042528
0.8618863603830701,0.8329183955739973,0.8929418742586003
0.8619354838704685,0.8315352697095436,0.8946428571428572
0.8611230791320584,0.8293222683264178,0.8954599761051374
0.8617839840405378,0.8365145228215768,0.8886276814575375
0.8629845236399944,0.8406639004149378,0.8865227537922987
0.8613832853020943,0.8268326417704011,0.8989473684210526
0.8626780626775631,0.8376210235131397,0.88928046989721
0.8629470672384133,0.8343015214384509,0.8936296296296297
0.8626216370916585,0.8337482710926695,0.8935665579602727
0.8623354321689339,0.8334716459197787,0.8932700859768752
0.8613790125228923,0.8276625172890733,0.8979591836734694
0.8635583524022465,0.8351313969571231,0.8939887474089429
0.8628179479846392,0.8351313969571231,0.892403192432752
0.8619198616310949,0.8271092669432918,0.8997893469756244
0.862282342782635,0.8287690179806363,0.8986202759448111
0.8609878310660718,0.8318118948824343,0.8922848664688428
0.8616623526023194,0.8287690179806363,0.8972746331236897
0.8631759166780566,0.8367911479944675,0.8912787271655863
0.8629066628777502,0.8401106500691563,0.8869742990654206
0.8626609442055092,0.8340248962655602,0.8933333333333333
0.8623905868842762,0.8312586445366529,0.8959451401311866
0.8623800658737667,0.8329183955739973,0.8940023752969121
0.8626664757262655,0.833195020746888,0.8942992874109263
0.862128641476282,0.8268326417704011,0.9005724615848147
0.86292069911838,0.8262793914246196,0.902962515114873
0.8618831537147583,0.8406639004149378,0.8842013383764912
0.8632539569366172,0.837344398340249,0.890818128310771
0.8623510836797073,0.8309820193637621,0.89618138424821
0.862424763542063,0.8323651452282158,0.8947368421052632
0.862385321100418,0.8320885200553251,0.8949717346027968
0.863397299217695,0.8401106500691563,0.8880116959064327
0.8627507163318788,0.8329183955739973,0.8947994056463596
0.8630859096732432,0.8378976486860304,0.8898354876615746
0.8624300674216783,0.8315352697095436,0.8957091775923719
0.8631368631363635,0.8365145228215768,0.8915094339622641
0.8618354703928158,0.8273858921161825,0.8992784125075165
0.8628514342795062,0.8362378976486861,0.8912146226415094
0.8626052218571122,0.8362378976486861,0.8906894519740719
0.8635065676751145,0.8365145228215768,0.8922986131602243
0.8610471806669345,0.827939142461964,0.8969133952652083
0.8615693587715563,0.8307053941908714,0.8948152562574494
0.8631759166780566,0.8367911479944675,0.8912787271655863
0.8596792668952623,0.8304287690179807,0.8910655981003265
0.8622514661702917,0.8337482710926695,0.8927725118483413
0.862555191567653,0.8376210235131397,0.8890193775689958
0.8614275414558815,0.8262793914246196,0.8996987951807229
0.8627002288324526,0.8343015214384509,0.8931003849570625
0.8618768747316816,0.8345781466113417,0.8910218546958063
0.8618816128104814,0.8337482710926695,0.8919798757028706
0.8598103993100437,0.827939142461964,0.8942336420675232
0.8626499143341665,0.8356846473029046,0.8914133962820892
0.8610831777038536,0.829045643153527,0.8956963538553496
0.8600201409864091,0.8268326417704011,0.8959832134292566
0.8626609442055092,0.8340248962655602,0.8933333333333333
0.8609044075553105,0.8320885200553251,0.8917877260598873
0.862823061629719,0.840387275242047,0.8864896410854975
0.8630849220098994,0.8265560165975103,0.9029918404351768
0.8626389284691499,0.837344398340249,0.8895092565383486
0.8609967343456597,0.8387275242047026,0.8844807467911319
0.8614674931521605,0.8265560165975103,0.8994581577363034
0.8621381484661099,0.8320885200553251,0.8944394885518882
0.8615164520738925,0.8329183955739973,0.8921481481481481
0.8618863603830701,0.8329183955739973,0.8929418742586003
0.862374821172605,0.8337482710926695,0.8930370370370371
0.8628685943310207,0.8337482710926695,0.8940967072085435
0.8618752700556725,0.8276625172890733,0.8990384615384616
0.8627562642364024,0.8381742738589212,0.8888237019653857
0.8630372492831683,0.833195020746888,0.8950965824665676
0.860301507537189,0.8287690179806363,0.8943283582089552
0.8622617170698748,0.8320885200553251,0.8947055324211779
0.8621968616257485,0.8359612724757953,0.8901325478645066
0.8626216370916585,0.8337482710926695,0.8935665579602727
0.8622120475027198,0.8334716459197787,0.8930053349140487
0.8616657159150738,0.8356846473029046,0.889314100677068
0.8629845236399944,0.8406639004149378,0.8865227537922987
0.8622908622903629,0.8340248962655602,0.8925399644760214
0.8626670457771518,0.8392807745504841,0.8873939748464463
0.8637142857137863,0.8362378976486861,0.8930576070901034
0.8628848346631265,0.837344398340249,0.8900323434284034
0.8625375482758559,0.8340248962655602,0.893068720379147
0.8626216370916585,0.8337482710926695,0.8935665579602727
0.8613264427212922,0.8298755186721992,0.8952551477170994
0.8619246861919695,0.8262793914246196,0.9007840772014475
0.8627338951573351,0.8354080221300139,0.8919078558771412
0.8619999999995005,0.8345781466113417,0.8912850812407681
0.8610911184679044,0.8273858921161825,0.8976590636254502
0.8621928437988973,0.8298755186721992,0.8971291866028708
0.8620837501781484,0.8343015214384509,0.8917800118273211
0.8622771707873098,0.8295988934993085,0.8976354384914697
0.8634486686596171,0.8387275242047026,0.8896713615023474
0.8624429223739297,0.8359612724757953,0.8906572354848217
0.8621877691640141,0.8307053941908714,0.8961504028648165
0.8622908622903629,0.8340248962655602,0.8925399644760214
0.8619102416565778,0.8287690179806363,0.8978124063530117
0.8620591581337438,0.8384508990318119,0.8870354111793971
0.8622908622903629,0.8340248962655602,0.8925399644760214
0.8624535315980135,0.8343015214384509,0.8925717667949097
0.8628522139155445,0.83015214384509,0.8982340616581862
0.8622890370155264,0.8409405255878285,0.8847497089639115
0.8609081793434342,0.8312586445366529,0.8927510398098634
0.8627171745936331,0.8378976486860304,0.8890519518638098
0.8621625482068995,0.8348547717842324,0.8913171884229178
0.8600227143663374,0.8378976486860304,0.8833479148439778
0.8629296819278987,0.8367911479944675,0.89075382803298
0.8593036529675371,0.8329183955739973,0.8874152667256116
0.8626326355027986,0.8320885200553251,0.8955046144685919
0.8616702355455391,0.8348547717842324,0.8902654867256637
0.8627843754466319,0.8340248962655602,0.8935981031416717
0.8617816091949031,0.8295988934993085,0.8965620328849029
0.8629921259837524,0.8337482710926695,0.8943620178041543
0.8621532269651467,0.8295988934993085,0.8973668461998803
0.8626041966077216,0.83015214384509,0.8976966796290757
0.8622908622903629,0.8340248962655602,0.8925399644760214
0.8635002139490084,0.837344398340249,0.8913427561837456
0.8628400512742476,0.8378976486860304,0.8893129770992366
0.8611670020115731,0.8287690179806363,0.8962010170505534
0.8608908750175202,0.8260027662517289,0.8988561107766406
0.8630372492831683,0.833195020746888,0.8950965824665676
0.8619354838704685,0.8315352697095436,0.8946428571428572
0.8620837501781484,0.8343015214384509,0.8917800118273211
0.8625321520429415,0.8348547717842324,0.8921075968075672
0.8618609994251182,0.83015214384509,0.8960883845924157
0.863397299217695,0.8401106500691563,0.8880116959064327
0.8619799139162869,0.8309820193637621,0.8953800298062593
0.8604452054789524,0.8340248962655602,0.8885941644562334
0.8608695652168924,0.8215767634854771,0.9041095890410958
0.8619847766762205,0.83015214384509,0.8963560334528077
0.8621827047176994,0.8315352697095436,0.8951756998213222
0.8636169303115996,0.8381742738589212,0.890652557319224
0.8615252293572988,0.8312586445366529,0.894079143112169
0.8609328198540148,0.8348547717842324,0.8886925795053003
0.8626389284691499,0.837344398340249,0.8895092565383486
0.8621582733807959,0.8287690179806363,0.8983508245877061
0.8622120475027198,0.8334716459197787,0.8930053349140487
0.862807067949508,0.8307053941908714,0.897489539748954
0.8631638900749666,0.8384508990318119,0.8893779342723005
0.8622463561012438,0.8345781466113417,0.8918120011823825
0.8612467681695668,0.8293222683264178,0.8957275171795638
0.8631759166780566,0.8367911479944675,0.8912787271655863
0.8620788943271713,0.8282157676348548,0.8988291804262984
0.8632149479384535,0.8370677731673583,0.8910482921083628
0.8624821683304561,0.8362378976486861,0.8904270986745213
0.8611230791320584,0.8293222683264178,0.8954599761051374
0.8609271523173816,0.8271092669432918,0.8976283398378865
0.8623271889395929,0.8282157676348548,0.8993691799339141
0.8624588521535008,0.8334716459197787,0.8935349940688019
0.8630824372754863,0.8326417704011065,0.8958333333333334
0.8623219680616502,0.829045643153527,0.8983812949640287
0.8617113223849805,0.8273858921161825,0.8990081154192967
0.863260062802812,0.8365145228215768,0.8917723385432026
0.8613662456941047,0.83015214384509,0.8950193856248136
0.8629296819278987,0.8367911479944675,0.89075382803298
0.8615604867568377,0.8323651452282158,0.8928783382789317
0.8630468861331758,0.8376210235131397,0.8900646678424456
0.8610393339070517,0.8295988934993085,0.894956729334527
0.8628343767781002,0.8387275242047026,0.8883680046879578
0.8605451936867317,0.8295988934993085,0.8938897168405365
0.862213244841515,0.8265560165975103,0.9010856453558505
0.8625768625763631,0.8343015214384509,0.8928359976317347
0.8631308810944534,0.837344398340249,0.8905560458958517
0.8628952218908941,0.8417704011065007,0.8851076207097149
0.8608931373942785,0.8345781466113417,0.8889216263995285
0.861797913390954,0.8340248962655602,0.8914843287995269
0.8625213918991012,0.8365145228215768,0.890197232852517
0.8623063683299654,0.8315352697095436,0.8954423592493298
0.8612191958490467,0.8265560165975103,0.8989169675090253
0.8626720183481245,0.8323651452282158,0.8952692650996728
0.8607741190058557,0.8243430152143845,0.9005741915986702
0.8631156930121009,0.8337482710926695,0.8946274859008608
0.8633708505480117,0.8381742738589212,0.8901292596944771
0.8615118291974236,0.8260027662517289,0.9002110340669279
0.8627562642364024,0.8381742738589212,0.8888237019653857
0.8628127696284912,0.8298755186721992,0.8984725965858041
0.8623563218385811,0.83015214384509,0.8971599402092676
0.8604416221672018,0.8246196403872752,0.8995171997585999
0.8622324378676232,0.83015214384509,0.8968918111177525
0.8625267665947896,0.8356846473029046,0.8911504424778761
0.8632331902713175,0.8345781466113417,0.8939259259259259
0.8623376623371631,0.8265560165975103,0.9013574660633484
0.8618958841239808,0.8312586445366529,0.8948779035139964
0.8624588521535008,0.8334716459197787,0.8935349940688019
0.8625646923514271,0.8298755186721992,0.8979347500748279
0.8611190817785538,0.83015214384509,0.8944858420268257
0.8616578077857383,0.8295988934993085,0.8962940824865511
0.8621281464525897,0.8337482710926695,0.8925081433224755
0.8623510836797073,0.8309820193637621,0.89618138424821
0.8627900315090966,0.833195020746888,0.8945648945648945
0.8622324378676232,0.83015214384509,0.8968918111177525
0.8612109880622075,0.8282157676348548,0.8969442780107849
0.8629687722795518,0.8370677731673583,0.8905238375515009
0.8621132183083554,0.8362378976486861,0.8896409652736904
0.8626326355027986,0.8320885200553251,0.8955046144685919
0.8615604867568377,0.8323651452282158,0.8928783382789317
0.8626554237525376,0.8348547717842324,0.8923713778829095
0.8613620071679595,0.8309820193637621,0.8940476190476191
0.8626835876224863,0.8367911479944675,0.8902295467922308
0.8619742737384806,0.8248962655601659,0.902542372881356
0.8627113786180158,0.8326417704011065,0.8950341956586381
0.862385321100418,0.8320885200553251,0.8949717346027968
0.8625877632893703,0.8326417704011065,0.8947681331747919
0.8620837501781484,0.8343015214384509,0.8917800118273211
0.8613790125228923,0.8276625172890733,0.8979591836734694
0.8629194149693888,0.8323651452282158,0.8958023221196785
0.8627450980387162,0.8337482710926695,0.8938315539739027
0.8629194149693888,0.8323651452282158,0.8958023221196785
0.8607122343475766,0.829045643153527,0.8948939982084204
0.8624224050810657,0.8262793914246196,0.9018719806763285
0.8619365846717597,0.8384508990318119,0.8867758923346987
0.8629078420143832,0.8340248962655602,0.8938630299436703
0.8624609263990456,0.8395573997233748,0.8866491381828805
0.8612068965512247,0.829045643153527,0.8959641255605382
0.8631488631483637,0.8348547717842324,0.8934280639431617
0.862711623274504,0.8387275242047026,0.888107791446983
0.8628685943310207,0.8337482710926695,0.8940967072085435
0.8614681519560843,0.8343015214384509,0.8904635370534396
0.8631428571423576,0.8356846473029046,0.892466765140325
0.8623115577884454,0.8307053941908714,0.8964179104477612
0.8631879914219452,0.8351313969571231,0.8931952662721894
0.8622324378676232,0.83015214384509,0.8968918111177525
0.8633691756267409,0.8329183955739973,0.8961309523809524
0.8626609442055092,0.8340248962655602,0.8933333333333333
0.8631907941463962,0.840387275242047,0.8872663551401869
0.8622171297617464,0.8326417704011065,0.893970893970894
0.8629090384887613,0.827939142461964,0.9009632751354606
0.8629354654478157,0.8359612724757953,0.8917084685748008
0.8621281464525897,0.8337482710926695,0.8925081433224755
0.8620837501781484,0.8343015214384509,0.8917800118273211
0.8615560640727271,0.833195020746888,0.8919159016878887
0.8624036540103484,0.8356846473029046,0.8908876437629017
0.8624535315980135,0.8343015214384509,0.8925717667949097
0.8625987078243392,0.8309820193637621,0.8967164179104478
0.8627227369916601,0.8370677731673583,0.89
0.8620640160752865,0.8307053941908714,0.8958830548926014
0.8624194702929866,0.833195020746888,0.8937685459940653
0.8618421052626586,0.8334716459197787,0.8922120225051822
0.8615074218182067,0.8268326417704011,0.8992178098676293
0.8629687722795518,0.8370677731673583,0.8905238375515009
0.8612274368226056,0.8248962655601659,0.9009063444108761
0.8618800461356024,0.8268326417704011,0.9000301114122252
0.862542955325961,0.833195020746888,0.8940338379341051
0.8625932300626102,0.8318118948824343,0.8957402442657134
0.8623615705445892,0.8293222683264178,0.8981426003594967
0.8618911174780107,0.8320885200553251,0.8939078751857356
0.8634035287416746,0.8392807745504841,0.8889539994140053
0.8588974578686808,0.8318118948824343,0.8878063182757603
0.8616612052994006,0.8365145228215768,0.8883666274970623
0.8624300674216783,0.8315352697095436,0.8957091775923719
0.8624300674216783,0.8315352697095436,0.8957091775923719
0.8615428900398001,0.827939142461964,0.897989798979898
0.8624429223739297,0.8359612724757953,0.8906572354848217
0.8624535315980135,0.8343015214384509,0.8925717667949097
0.8616657159150738,0.8356846473029046,0.889314100677068
0.8622720091909412,0.8304287690179807,0.8966547192353644
0.861489880866445,0.83015214384509,0.8952863961813843
0.862711623274504,0.8387275242047026,0.888107791446983
0.862083628631676,0.8412171507607192,0.8840116279069767
0.8619693907012046,0.8257261410788381,0.9015403201449713
0.8619945315867795,0.8284923928077456,0.8983203359328135
0.8626554237525376,0.8348547717842324,0.8923713778829095
0.8609233424416121,0.827939142461964,0.896644697423607
0.8625143513198221,0.8312586445366529,0.8962123471518043
0.8626161543954977,0.8345781466113417,0.892603550295858
0.861816616443754,0.8307053941908714,0.8953488372093024
0.8601318429344391,0.83015214384509,0.8923580136782635
0.8623668298296189,0.8284923928077456,0.8991293905734014
0.8619702176398213,0.8326417704011065,0.8934401899673493
0.8627956989242318,0.8323651452282158,0.8955357142857143
0.8627281874366144,0.83015214384509,0.8979652902453621
0.8624856156496734,0.8293222683264178,0.8984117470782139
0.8603383997700772,0.8298755186721992,0.8931229532598988
0.8624556422990034,0.840387275242047,0.8857142857142857
0.8626609442055092,0.8340248962655602,0.8933333333333333
0.8623354321689339,0.8334716459197787,0.8932700859768752
0.8627674750351638,0.8365145228215768,0.8907216494845361
0.8618119266050053,0.8315352697095436,0.8943766736090449
0.863154881190454,0.8340248962655602,0.8943933550875112
0.8620441112868007,0.8271092669432918,0.9000602046959663
0.8600342075251561,0.8345781466113417,0.8870920317553661
0.8623406388764523,0.8326417704011065,0.8942364824717766
0.862058993637442,0.8246196403872752,0.9030596788851863
0.8619258835307639,0.833195020746888,0.8927089508002372
0.8618354703928158,0.8273858921161825,0.8992784125075165
0.862807067949508,0.8307053941908714,0.897489539748954
0.8621431645383042,0.8312586445366529,0.8954112038140644
0.8616760421169104,0.8262793914246196,0.9002411091018686
0.8615164520738925,0.8329183955739973,0.8921481481481481
0.8612385321095924,0.8309820193637621,0.8937816126152931
0.8628009687984747,0.8376210235131397,0.8895417156286721
0.8610556348069183,0.8348547717842324,0.8889543446244477
0.8622857142852147,0.8348547717842324,0.8915805022156573
0.8635193133042216,0.8348547717842324,0.8942222222222223
0.861027622727424,0.8320885200553251,0.8920521945432978
0.8623800658737667,0.8329183955739973,0.8940023752969121
0.8615296312234927,0.8304287690179807,0.8950506857483602
0.861800346219928,0.8262793914246196,0.9005125113053964
0.8611391492424713,0.8260027662517289,0.8993975903614457
0.8607413768422085,0.8318118948824343,0.891755634638197
0.862330235882274,0.8343015214384509,0.8923076923076924
0.8617816091949031,0.8295988934993085,0.8965620328849029
0.8600887870537753,0.8307053941908714,0.8916270783847982
0.86284074605402,0.8318118948824343,0.896274217585693
0.8611791840848403,0.8262793914246196,0.899157134256472
0.8613284027871551,0.8376210235131397,0.8864168618266979
0.8625768625763631,0.8343015214384509,0.8928359976317347
0.8610673916148962,0.8323651452282158,0.8918197984588027
0.8618025751067968,0.833195020746888,0.8924444444444445
0.8618848318655711,0.8260027662517289,0.9010259505129753
0.861131097999213,0.8276625172890733,0.8974205158968206
0.8612315698173674,0.8240663900414937,0.9019073569482289
0.862223507300354,0.8248962655601659,0.9030890369473047
0.8626664757262655,0.833195020746888,0.8942992874109263
0.8622668579621978,0.8312586445366529,0.8956780923994039
0.8617113223849805,0.8273858921161825,0.8990081154192967
0.8631003738850344,0.83015214384509,0.8987720874513327
0.862553802008109,0.8315352697095436,0.8959761549925485
0.8617722971030279,0.8312586445366529,0.8946114915153319
0.8634423897576795,0.8395573997233748,0.8887262079062958
0.861679301959163,0.833195020746888,0.8921800947867299
0.8622514661702917,0.8337482710926695,0.8927725118483413
0.8615956534167152,0.8334716459197787,0.8916839301568511
0.861239860949675,0.8224066390041493,0.90392216479173
0.8630136986296374,0.8365145228215768,0.8912466843501327
0.862923909945354,0.8376210235131397,0.8898031148986189
0.8624928530583914,0.8345781466113417,0.8923395445134575
0.8630019937334793,0.8381742738589212,0.8893454652186674
0.8621085894852806,0.83015214384509,0.8966238422467881
0.8631968145615025,0.8395573997233748,0.8882060286801288
0.8612591845550404,0.8268326417704011,0.8986770895971137
0.8625035806354215,0.8329183955739973,0.8942678942678942
0.8635121530269709,0.8304287690179807,0.8993409227082085
0.8626780626775631,0.8376210235131397,0.88928046989721
0.8628457370967346,0.8370677731673583,0.8902618417181524
0.8632539569366172,0.837344398340249,0.890818128310771
0.862789705672755,0.8392807745504841,0.88765359859567
0.8615074218182067,0.8268326417704011,0.8992178098676293
0.862128641476282,0.8268326417704011,0.9005724615848147
0.8620097337527213,0.8329183955739973,0.8932067635716404
0.8622463561012438,0.8345781466113417,0.8918120011823825
0.8621135873467329,0.8293222683264178,0.8976047904191616
0.8616714697401348,0.8271092669432918,0.8992481203007519
0.863493872897762,0.8381742738589212,0.8903908316191596
0.8622463561012438,0.8345781466113417,0.8918120011823825
0.8632149479384535,0.8370677731673583,0.8910482921083628
0.862553802008109,0.8315352697095436,0.8959761549925485
0.8614457831320308,0.8307053941908714,0.8945487042001787
0.8622069754140231,0.8343015214384509,0.8920437740313517
0.8624407072008806,0.8298755186721992,0.8976660682226212
0.8619392185233794,0.823789764868603,0.903793626707132
0.859094790776614,0.8348547717842324,0.8847845206684257
0.8618752700556725,0.8276625172890733,0.8990384615384616
0.8608720596667411,0.83015214384509,0.8939529341674114
0.8636493025898789,0.8392807745504841,0.889475227206098
0.8626106826615971,0.8354080221300139,0.8916445231768527
0.8627900315090966,0.833195020746888,0.8945648945648945
0.8621085894852806,0.83015214384509,0.8966238422467881
0.8621431645383042,0.8312586445366529,0.8954112038140644
0.8623167576884918,0.8298755186721992,0.8973975471133713
0.861645221916517,0.8243430152143845,0.9024833434282253
0.8615827338124504,0.8282157676348548,0.8977511244377812
0.8613577771407209,0.8318118948824343,0.8930798930798931
0.8633319082223877,0.8378976486860304,0.8903586125808348
0.8622120475027198,0.8334716459197787,0.8930053349140487
0.861816616443754,0.8307053941908714,0.8953488372093024
0.861115092446111,0.8309820193637621,0.8935157644259369
0.8631184191542678,0.8276625172890733,0.9017480409885473
0.862553802008109,0.8315352697095436,0.8959761549925485
0.8624928530583914,0.8345781466113417,0.8923395445134575
0.8636299134378428,0.8417704011065007,0.8866550116550117
0.8627283105017836,0.8362378976486861,0.8909519599174771
0.8624535315980135,0.8343015214384509,0.8925717667949097
0.8627562642364024,0.8381742738589212,0.8888237019653857
0.8627674750351638,0.8365145228215768,0.8907216494845361
0.8616975441614999,0.8298755186721992,0.8960573476702509
0.8616578077857383,0.8295988934993085,0.8962940824865511
0.8591871780189625,0.8304287690179807,0.8900088941595019
0.8618911174780107,0.8320885200553251,0.8939078751857356
0.862528344670702,0.8417704011065007,0.8843359488520779
0.8624089155588662,0.8348547717842324,0.8918439716312057
0.86365579142278,0.8384508990318119,0.8904230317273796
0.8630550366426967,0.8307053941908714,0.8980263157894737
0.862498211474676,0.8337482710926695,0.8933017190278602
0.8614414672584203,0.8315352697095436,0.8935790725326992
0.8626554237525376,0.8348547717842324,0.8923713778829095
0.8626373626368636,0.8251728907330567,0.9036655558921539
0.8627227369916601,0.8370677731673583,0.89
0.8626554237525376,0.8348547717842324,0.8923713778829095
0.8615782664936792,0.829045643153527,0.8967684021543986
0.8613222429365436,0.8307053941908714,0.8942823108993448
0.8608758076089766,0.8293222683264178,0.8949253731343284
0.8629066628777502,0.8401106500691563,0.8869742990654206
0.8610471806669345,0.827939142461964,0.8969133952652083
0.8625866050803322,0.8265560165975103,0.901901599758527
0.862627130783056,0.8329183955739973,0.8945335710041592
0.8633237822344577,0.8334716459197787,0.8953937592867757
0.8618768747316816,0.8345781466113417,0.8910218546958063
0.8626560726442222,0.8409405255878285,0.8855228662976988
0.8623958632571852,0.8304287690179807,0.8969226172691963
0.8630292696783864,0.8401106500691563,0.8872334209757523
0.861816616443754,0.8307053941908714,0.8953488372093024
0.8616045845267213,0.8318118948824343,0.8936106983655275
0.8619067977763281,0.8365145228215768,0.8888888888888888
0.8625714285709292,0.8351313969571231,0.8918759231905465
0.862608695651675,0.8232365145228215,0.9059360730593607
0.863019568632553,0.8356846473029046,0.8922031896042528
0.8609195402293857,0.8287690179806363,0.8956651718983557
0.8611388611383616,0.8345781466113417,0.8894457547169812
0.8635002139490084,0.837344398340249,0.8913427561837456
0.8630952380947383,0.8423236514522822,0.8849171752397559
0.8619306788880712,0.8323651452282158,0.8936738936738937
0.8622875252083743,0.827939142461964,0.8996092575894199
0.8608795630923436,0.8284923928077456,0.895901884534849
0.8618280336512901,0.8359612724757953,0.8893466745144203
0.8627338951573351,0.8354080221300139,0.8919078558771412
0.8613180515754318,0.8315352697095436,0.8933135215453195
0.8620838737565262,0.8273858921161825,0.8998194945848376
0.8601871850246987,0.8262793914246196,0.896996996996997
0.8628905692675845,0.8365145228215768,0.8909840895698291
0.861653272100534,0.8304287690179807,0.8953176260065613
0.8626492161651845,0.8295988934993085,0.8984421809466746
0.8621928437988973,0.8298755186721992,0.8971291866028708
0.8628400512742476,0.8378976486860304,0.8893129770992366
0.8608534322815041,0.8343015214384509,0.8891509433962265
0.8628571428566435,0.8354080221300139,0.8921713441654358
0.8605955977552192,0.8273858921161825,0.8965827338129496
0.8624662210206923,0.8387275242047026,0.8875878220140515
0.861644228014396,0.8320885200553251,0.8933768933768934
0.8623695869653429,0.8345781466113417,0.8920756948551153
0.861921097769655,0.8340248962655602,0.8917480035492458
0.8621776504293001,0.8323651452282158,0.8942050520059436
0.8622908622903629,0.8340248962655602,0.8925399644760214
0.8622805765657914,0.8356846473029046,0.890625
0.861115092446111,0.8309820193637621,0.8935157644259369
0.8627171745936331,0.8378976486860304,0.8890519518638098
0.8621525302917314,0.8365145228215768,0.8894117647058823
0.8628571428566435,0.8354080221300139,0.8921713441654358
0.8627900315090966,0.833195020746888,0.8945648945648945
0.8628293241690309,0.8334716459197787,0.8943306619174829
0.8627450980387165,0.8276625172890733,0.9009334537789823
0.8613138686126391,0.8323651452282158,0.8923487544483986
0.8616747642178486,0.8340248962655602,0.891220809932013
0.8616173120723933,0.8370677731673583,0.8876503373423291
0.8630019937334793,0.8381742738589212,0.8893454652186674
0.8614724803426028,0.8334716459197787,0.8914201183431952
0.8626670457771518,0.8392807745504841,0.8873939748464463
0.8616623526023194,0.8287690179806363,0.8972746331236897
0.8604617811553876,0.8298755186721992,0.8933889219773675
0.8613974799536815,0.8320885200553251,0.8928465420005937
0.8621836587124438,0.8246196403872752,0.9033333333333333
0.8639999999995006,0.8365145228215768,0.8933530280649926
0.8634675806907317,0.8362378976486861,0.8925302627694125
0.8630019937334793,0.8381742738589212,0.8893454652186674
0.8617113223849805,0.8273858921161825,0.8990081154192967
0.862988042068367,0.8284923928077456,0.9004810583283223
0.861075268816705,0.8307053941908714,0.89375
0.8611508731744218,0.8320885200553251,0.8923168199347374
0.8623800658737667,0.8329183955739973,0.8940023752969121
0.8614855176364379,0.8309820193637621,0.8943137838642453
0.8610992148460387,0.8343015214384509,0.8896755162241888
0.8607449856728531,0.8309820193637621,0.8927191679049035
0.8633319082223877,0.8378976486860304,0.8903586125808348
0.861432861432362,0.833195020746888,0.8916518650088809
0.8611508731744218,0.8320885200553251,0.8923168199347374
0.8618768747316816,0.8345781466113417,0.8910218546958063
0.8629194149693888,0.8323651452282158,0.8958023221196785
0.8621633299721351,0.827939142461964,0.8993389423076923
0.85867206711942,0.8210235131396957,0.8999393571861735
0.8616315941188435,0.8268326417704011,0.8994884140836593
0.8623063683299654,0.8315352697095436,0.8954423592493298
0.8601560242699429,0.8235131396957123,0.9002116722104626
0.8634686346858471,0.84149377593361,0.8866219761002623
0.8616884047579928,0.8315352697095436,0.8941106484235574
0.861837405343121,0.8343015214384509,0.8912529550827423
0.8630234208653627,0.8409405255878285,0.8862973760932945
0.8603383997700772,0.8298755186721992,0.8931229532598988
0.8615340419414714,0.8295988934993085,0.8960262922019719
0.8626216370916585,0.8337482710926695,0.8935665579602727
0.8616623526023194,0.8287690179806363,0.8972746331236897
0.8611548932506827,0.8312586445366529,0.893281807372176
0.8627563459051367,0.8320885200553251,0.8957712924359738
0.8626161543954977,0.8345781466113417,0.892603550295858
0.8616217756871162,0.8362378976486861,0.8885949441504997
0.860921501705985,0.837344398340249,0.8858647936786654
0.8614017486020519,0.8312586445366529,0.8938132064247472
0.8624875053543484,0.8354080221300139,0.8913813459268005
0.8624141876425211,0.8340248962655602,0.892804264139769
0.8614318706692468,0.8254495159059474,0.9006942348324781
0.8613493424809185,0.8334716459197787,0.891156462585034
0.8618327148153725,0.8351313969571231,0.8902978472427012
0.8620097337527213,0.8329183955739973,0.8932067635716404
0.862472885032039,0.8248962655601659,0.9036363636363637
0.8622273249133927,0.8309820193637621,0.8959141067700567
0.8609233424416121,0.827939142461964,0.896644697423607
0.8628117913827201,0.8420470262793914,0.8846265620459168
0.8627113786180158,0.8326417704011065,0.8950341956586381
0.8633567033905436,0.8345781466113417,0.8941908713692946
0.8609878310660718,0.8318118948824343,0.8922848664688428
0.862498211474676,0.8337482710926695,0.8933017190278602
0.8608645863149887,0.8318118948824343,0.8920201720557698
0.8624821683304561,0.8362378976486861,0.8904270986745213
0.8622565864828913,0.8329183955739973,0.8937370139507272
0.8620738838962341,0.8359612724757953,0.8898704358068316
0.8628400512742476,0.8378976486860304,0.8893129770992366
0.8635455324003,0.8367911479944675,0.8920672368033029
0.8623406388764523,0.8326417704011065,0.8942364824717766
0.8628571428566435,0.8354080221300139,0.8921713441654358
0.8624535315980135,0.8343015214384509,0.8925717667949097
0.8598452278584859,0.8298755186721992,0.8920606601248885
0.8607158257864778,0.8282157676348548,0.895870736086176
0.8619318181813185,0.8392807745504841,0.8858394160583941
0.8611548932506827,0.8312586445366529,0.893281807372176
0.8619258835307639,0.833195020746888,0.8927089508002372
0.8635573580528035,0.8246196403872752,0.9063545150501672
0.8591749644376228,0.8354080221300139,0.8843338213762811
0.8613138686126391,0.8323651452282158,0.8923487544483986
0.8623354321689339,0.8334716459197787,0.8932700859768752
0.8633646456015499,0.8390041493775934,0.8891820580474934
0.861202813262024,0.8298755186721992,0.8949880668257757
0.8624194702929866,0.833195020746888,0.8937685459940653
0.8630705394185877,0.8343015214384509,0.8938944872554832
0.862997993693969,0.8329183955739973,0.8953315492120131
0.8613390928720709,0.8273858921161825,0.8981981981981982
0.8624407072008806,0.8298755186721992,0.8976660682226212
0.8629804257746113,0.8354080221300139,0.892434988179669
0.8618609994251182,0.83015214384509,0.8960883845924157
0.8620146152738952,0.8320885200553251,0.8941736028537456
0.8613180515754318,0.8315352697095436,0.8933135215453195
0.8621575342460758,0.8356846473029046,0.8903625110521662
0.8625605930990157,0.8367911479944675,0.889967637540453
0.8620788943271713,0.8282157676348548,0.8988291804262984
0.8615604867568377,0.8323651452282158,0.8928783382789317
0.8627225732332743,0.8309820193637621,0.8969841743804121
0.8622875252083743,0.827939142461964,0.8996092575894199
0.8623958632571852,0.8304287690179807,0.8969226172691963
0.8619799139162869,0.8309820193637621,0.8953800298062593
0.8622668579621978,0.8312586445366529,0.8956780923994039
0.8628066172271102,0.8367911479944675,0.8904916102443332
0.8621532269651467,0.8295988934993085,0.8973668461998803
0.8610315186241424,0.8312586445366529,0.8930163447251115
0.8620141598029974,0.8251728907330567,0.9022988505747126
0.8626609442055092,0.8340248962655602,0.8933333333333333
0.8625877632893703,0.8326417704011065,0.8947681331747919
0.8621331424476038,0.8329183955739973,0.8934718100890208
0.8598908986500892,0.8284923928077456,0.8937630558042375
0.8623354321689339,0.8334716459197787,0.8932700859768752
0.8601694915249238,0.8423236514522822,0.8787878787878788
0.8627055090851657,0.8273858921161825,0.9011750527267249
0.8623643632205171,0.8354080221300139,0.8911183239893774
0.8626334519567957,0.8381742738589212,0.8885630498533724
0.8632028469745894,0.8387275242047026,0.8891495601173021
0.8619799139162869,0.8309820193637621,0.8953800298062593
0.860378440366473,0.83015214384509,0.8928890211246653
0.8622979214775609,0.8262793914246196,0.9015997585270148
0.8628343767781002,0.8387275242047026,0.8883680046879578
0.8626835876224863,0.8367911479944675,0.8902295467922308
0.8590040532710702,0.820746887966805,0.9010021257212268
0.861075268816705,0.8307053941908714,0.89375
0.8627394909917797,0.8345781466113417,0.8928677123409293
0.8621085894852806,0.83015214384509,0.8966238422467881
0.862553802008109,0.8315352697095436,0.8959761549925485
0.8622805765657914,0.8356846473029046,0.890625
0.8628350293817566,0.8326417704011065,0.8953004164187983
0.8605680034246468,0.8340248962655602,0.8888561320754716
0.8630550366426967,0.8307053941908714,0.8980263157894737
0.8611670020115731,0.8287690179806363,0.8962010170505534
0.862923909945354,0.8376210235131397,0.8898031148986189
0.8628013777262515,0.8315352697095436,0.8965105875335521
0.8621381484661099,0.8320885200553251,0.8944394885518882
0.8629181494656926,0.8384508990318119,0.8888563049853373
0.8615560640727271,0.833195020746888,0.8919159016878887
0.8614811631566414,0.8318118948824343,0.8933452168746286
0.8627057981383696,0.8334716459197787,0.8940652818991098
0.862542955325961,0.833195020746888,0.8940338379341051
0.8632614672256622,0.8251728907330567,0.9050364077669902
0.8633442810219194,0.8362378976486861,0.8922668240850059
0.861202813262024,0.8298755186721992,0.8949880668257757
0.863350485991496,0.8354080221300139,0.8932268559597752
0.8624141876425211,0.8340248962655602,0.892804264139769
0.8612508986335771,0.8284923928077456,0.8967065868263473
0.8624928530583914,0.8345781466113417,0.8923395445134575
0.8620886981397009,0.8334716459197787,0.8927407407407407
0.8628350293817566,0.8326417704011065,0.8953004164187983
0.8620689655167422,0.8298755186721992,0.8968609865470852
0.8625035806354215,0.8329183955739973,0.8942678942678942
0.861027622727424,0.8320885200553251,0.8920521945432978
0.8621625482068995,0.8348547717842324,0.8913171884229178
0.8600976730819483,0.8282157676348548,0.8945324170899313
0.8620490620485629,0.8262793914246196,0.9010558069381599
0.8633114097793119,0.8351313969571231,0.8934596034329684
0.8629032258059524,0.8287690179806363,0.899969960949234
0.8627002288324526,0.8343015214384509,0.8931003849570625
0.8613451377975869,0.8343015214384509,0.8902007083825265
0.8618421052626586,0.8334716459197787,0.8922120225051822
0.8630313439239318,0.8340248962655602,0.8941281138790036
0.8627784872990605,0.8409405255878285,0.8857808857808858
0.8608284362901699,0.8307053941908714,0.8932183224271267
0.8617558022194807,0.8268326417704011,0.8997591812161349
0.8628293241690309,0.8334716459197787,0.8943306619174829
0.8628695025229326,0.8276625172890733,0.9012048192771084
0.8619702176398213,0.8326417704011065,0.8934401899673493
0.8625267665947896,0.8356846473029046,0.8911504424778761
0.8621336798031678,0.8260027662517289,0.9015700483091788
0.8616001144978548,0.8326417704011065,0.8926453143534994
0.8623458560362085,0.8318118948824343,0.8952069068175053
0.8622720091909412,0.8304287690179807,0.8966547192353644
0.8617558022194807,0.8268326417704011,0.8997591812161349
0.8631879914219452,0.8351313969571231,0.8931952662721894
0.8618863603830701,0.8329183955739973,0.8929418742586003
0.862923909945354,0.8376210235131397,0.8898031148986189
0.8628066172271102,0.8367911479944675,0.8904916102443332
0.8620097337527213,0.8329183955739973,0.8932067635716404
0.8618816128104814,0.8337482710926695,0.8919798757028706
0.8626096964460552,0.8293222683264178,0.8986810551558753
0.8627506755790765,0.8390041493775934,0.8878805620608899
0.8621085894852806,0.83015214384509,0.8966238422467881
0.8621481906945037,0.8304287690179807,0.8963869811884144
0.8607449856728531,0.8309820193637621,0.8927191679049035
0.8625160279237061,0.837344398340249,0.8892479435957696
0.861737257716658,0.83015214384509,0.8958208955223881
0.861538461537962,0.8365145228215768,0.8881057268722466
0.862222222221723,0.8318118948824343,0.8949404761904762
0.8633073101485423,0.8412171507607192,0.8865889212827989
0.862627130783056,0.8329183955739973,0.8945335710041592
0.861014994232488,0.8260027662517289,0.8991267690454682
0.8623011892816328,0.8323651452282158,0.8944708680142688
0.8604751619865418,0.8265560165975103,0.8972972972972973
0.8626381512841282,0.8312586445366529,0.8964797136038186
0.8631368631363635,0.8365145228215768,0.8915094339622641
0.861644228014396,0.8320885200553251,0.8933768933768934
0.8621481906945037,0.8304287690179807,0.8963869811884144
0.8616006934407029,0.8248962655601659,0.9017236165709102
0.8613222429365436,0.8307053941908714,0.8942823108993448
0.8618896272748547,0.8251728907330567,0.9020260054429997
0.8606651376141795,0.8304287690179807,0.8931865516215413
0.8625267665947896,0.8356846473029046,0.8911504424778761
0.861816616443754,0.8307053941908714,0.8953488372093024
0.8622960206121545,0.833195020746888,0.8935034114506081
0.8622069754140231,0.8343015214384509,0.8920437740313517
0.8620936560212678,0.8326417704011065,0.8937054631828979
0.8606722206257575,0.8287690179806363,0.8951299671347476
0.8622324378676232,0.83015214384509,0.8968918111177525
0.8628895184130979,0.8426002766251729,0.8841799709724238
0.861800346219928,0.8262793914246196,0.9005125113053964
0.8625877632893703,0.8326417704011065,0.8947681331747919
0.8615516502352485,0.8340248962655602,0.8909574468085106
0.8625106746365627,0.8381742738589212,0.8883025505716798
0.8625213918991012,0.8365145228215768,0.890197232852517
0.8624748779782547,0.8309820193637621,0.8964488212473889
0.8627113786180158,0.8326417704011065,0.8950341956586381
0.8622069754140231,0.8343015214384509,0.8920437740313517
0.862469525311418,0.8318118948824343,0.895473496128648
0.8624482216821173,0.8351313969571231,0.8916125221500295
0.8621132183083554,0.8362378976486861,0.8896409652736904
0.8628009687984747,0.8376210235131397,0.8895417156286721
0.8623406388764523,0.8326417704011065,0.8942364824717766
0.8625768625763631,0.8343015214384509,0.8928359976317347
0.8629412605397321,0.8351313969571231,0.8926670609107037
0.8591589048823678,0.8420470262793914,0.8769806972054163
0.8625336927218722,0.8409405255878285,0.885264997087944
0.8624856156496734,0.8293222683264178,0.8984117470782139
0.8627956989242318,0.8323651452282158,0.8955357142857143
0.8629528855787645,0.8334716459197787,0.8945961995249406
0.8628179479846392,0.8351313969571231,0.892403192432752
0.8614285714280719,0.8340248962655602,0.8906942392909897
0.862542955325961,0.833195020746888,0.8940338379341051
0.8630824372754863,0.8326417704011065,0.8958333333333334
0.8631037439263368,0.8354080221300139,0.8926987880579368
0.8611431870664755,0.8251728907330567,0.9003923936009659
0.8632454128435373,0.8329183955739973,0.8958643260934246
0.8619258835307639,0.833195020746888,0.8927089508002372
0.8626891236078362,0.8359612724757953,0.8911825420230021
0.8631097124869844,0.8345781466113417,0.8936611374407583
0.8629252188885491,0.8315352697095436,0.8967780429594272
0.8620441112868007,0.8271092669432918,0.9000602046959663
0.8630918425551194,0.8370677731673583,0.8907859876361496
0.8626835876224863,0.8367911479944675,0.8902295467922308
0.8620293187692623,0.8295988934993085,0.8970984145976668
0.8634686346858471,0.84149377593361,0.8866219761002623
0.8605851979340962,0.8298755186721992,0.8936550491510277
0.8611589213993858,0.8304287690179807,0.894250819183795
0.8628743372971077,0.8329183955739973,0.8950653983353151
0.8627730972435387,0.8356846473029046,0.8916765053128689
0.8624277456642407,0.8254495159059474,0.902874432677761
0.8615030233222764,0.8276625172890733,0.8982287601320925
0.8631759166780566,0.8367911479944675,0.8912787271655863
0.8621968616257485,0.8359612724757953,0.8901325478645066
0.8625660054226487,0.8359612724757953,0.8909198113207547
0.8626670457771518,0.8392807745504841,0.8873939748464463
0.8621827047176994,0.8315352697095436,0.8951756998213222
0.86147681740076,0.8326417704011065,0.8923806700266825
0.8622908622903629,0.8340248962655602,0.8925399644760214
0.8629470672384133,0.8343015214384509,0.8936296296296297
0.8633114097793119,0.8351313969571231,0.8934596034329684
0.862385321100418,0.8320885200553251,0.8949717346027968
0.8627730972435387,0.8356846473029046,0.8916765053128689
0.8628236303814201,0.8343015214384509,0.8933649289099526
0.8623354321689339,0.8334716459197787,0.8932700859768752
0.8618327148153725,0.8351313969571231,0.8902978472427012
0.86147681740076,0.8326417704011065,0.8923806700266825
0.8621877691640141,0.8307053941908714,0.8961504028648165
0.8617816091949031,0.8295988934993085,0.8965620328849029
0.8635200454928186,0.8401106500691563,0.8882714243930974
0.8624567474043452,0.8273858921161825,0.90063233965673
0.8625414683393249,0.8271092669432918,0.9011452682338759
0.86309778729429,0.8362378976486861,0.891740412979351
0.8618752700556725,0.8276625172890733,0.8990384615384616
0.8610071942441051,0.8276625172890733,0.8971514242878561
0.862542955325961,0.833195020746888,0.8940338379341051
0.8616623526023194,0.8287690179806363,0.8972746331236897
0.8632028469745894,0.8387275242047026,0.8891495601173021
0.8620048620043627,0.8337482710926695,0.8922439313203079
0.8623271889395929,0.8282157676348548,0.8993691799339141
0.8595744680846067,0.8381742738589212,0.8820960698689956
0.862424763542063,0.8323651452282158,0.8947368421052632
0.8614762386243745,0.8248962655601659,0.9014510278113664
0.8631308810944534,0.837344398340249,0.8905560458958517
0.8612426460032315,0.83015214384509,0.894752534287418
0.8632576845728992,0.8312586445366529,0.8978189423364207
0.8623458560362085,0.8318118948824343,0.8952069068175053
0.8620788943271713,0.8282157676348548,0.8988291804262984
0.8618705035966232,0.8284923928077456,0.8980509745127436
0.8605051664748165,0.8293222683264178,0.8941246644795705
0.86284074605402,0.8318118948824343,0.896274217585693
0.8631609113048452,0.833195020746888,0.8953626634958383
0.8629687722795518,0.8370677731673583,0.8905238375515009
0.8631578947363425,0.8392807745504841,0.8884333821376281
0.8633319082223877,0.8378976486860304,0.8903586125808348
0.8623011892816328,0.8323651452282158,0.8944708680142688
0.8607449856728531,0.8309820193637621,0.8927191679049035
0.860951834861886,0.8307053941908714,0.8934840821184171
0.8627674750351638,0.8365145228215768,0.8907216494845361
0.861415752741275,0.8365145228215768,0.8878449794480329
0.8625106746365627,0.8381742738589212,0.8883025505716798
0.8628343767781002,0.8387275242047026,0.8883680046879578
0.8607704515937873,0.8251728907330567,0.899577804583836
0.8624674949431589,0.8257261410788381,0.9026307831871787
0.8619006603497734,0.8304287690179807,0.8958519844822441
0.8622375611154053,0.8293222683264178,0.8978736148547469
0.8626670457771518,0.8392807745504841,0.8873939748464463
0.8609119587032574,0.8304287690179807,0.8937183685620721
0.8630468861331758,0.8376210235131397,0.8900646678424456
0.8621877691640141,0.8307053941908714,0.8961504028648165
0.862282342782635,0.8287690179806363,0.8986202759448111
0.8633052421077708,0.8359612724757953,0.8924985233313645
0.8603751969062742,0.8309820193637621,0.8919239904988123
0.8612385321095924,0.8309820193637621,0.8937816126152931
0.8627956989242318,0.8323651452282158,0.8955357142857143
0.8620936560212678,0.8326417704011065,0.8937054631828979
0.8628009687984747,0.8376210235131397,0.8895417156286721
0.8624588521535008,0.8334716459197787,0.8935349940688019
0.861679301959163,0.833195020746888,0.8921800947867299
0.8615296312234927,0.8304287690179807,0.8950506857483602
0.8600781363039433,0.8221300138312586,0.9016990291262136
0.8616217756871162,0.8362378976486861,0.8885949441504997
0.8624141876425211,0.8340248962655602,0.892804264139769
0.8628685943310207,0.8337482710926695,0.8940967072085435
0.8622890370155264,0.8409405255878285,0.8847497089639115
0.8635200454928186,0.8401106500691563,0.8882714243930974
0.8630490956067359,0.8315352697095436,0.8970456580125336
0.8616929698703758,0.8307053941908714,0.8950819672131147
0.8618354703928158,0.8273858921161825,0.8992784125075165
0.8628514342795062,0.8362378976486861,0.8912146226415094
0.8625321520429415,0.8348547717842324,0.8921075968075672
0.8620886981397009,0.8334716459197787,0.8927407407407407
0.8622412562450393,0.8354080221300139,0.8908554572271387
0.8620739249239938,0.829045643153527,0.8978430197723187
0.8629602888081652,0.8265560165975103,0.9027190332326284
0.8617932609932184,0.8348547717842324,0.890528179403954
0.8630527817398713,0.8367911479944675,0.8910162002945509
0.8625213918991012,0.8365145228215768,0.890197232852517
0.8620443173690502,0.8340248962655602,0.8920118343195266
0.8625605930990157,0.8367911479944675,0.889967637540453
0.8611111111106118,0.8318118948824343,0.8925497180172158
0.8617769484708658,0.8304287690179807,0.8955847255369929
0.861737257716658,0.83015214384509,0.8958208955223881
0.8624641833805894,0.8326417704011065,0.8945022288261516
0.8620097337527213,0.8329183955739973,0.8932067635716404
0.8628236303814201,0.8343015214384509,0.8933649289099526
0.8628236303814201,0.8343015214384509,0.8933649289099526
0.8631759166780566,0.8367911479944675,0.8912787271655863
0.861797913390954,0.8340248962655602,0.8914843287995269
0.8626609442055092,0.8340248962655602,0.8933333333333333
0.8626720183481245,0.8323651452282158,0.8952692650996728
0.8617021276590752,0.829045643153527,0.8970368153247531
0.8626389284691499,0.837344398340249,0.8895092565383486
0.8629078420143832,0.8340248962655602,0.8938630299436703
0.8619548006328678,0.8282157676348548,0.8985594237695078
0.8626161543954977,0.8345781466113417,0.892603550295858
0.8607741190058557,0.8243430152143845,0.9005741915986702
0.86309778729429,0.8362378976486861,0.891740412979351
0.8599515600507899,0.8348547717842324,0.8866039952996475
0.8615384615379624,0.8287690179806363,0.8970059880239521
0.8622754491012968,0.8365145228215768,0.8896734333627537
0.8621675722042474,0.8340248962655602,0.8922758212488902
0.862330235882274,0.8343015214384509,0.8923076923076924
0.8621776504293001,0.8323651452282158,0.8942050520059436
0.8625089605729773,0.8320885200553251,0.8952380952380953
0.8622875252083743,0.827939142461964,0.8996092575894199
0.8619548006328678,0.8282157676348548,0.8985594237695078
0.8612385321095924,0.8309820193637621,0.8937816126152931
0.8592191507547013,0.8340248962655602,0.8859829562151044
0.8629066628777502,0.8401106500691563,0.8869742990654206
0.8622171297617464,0.8326417704011065,0.893970893970894
0.8612385321095924,0.8309820193637621,0.8937816126152931
0.8615473274739281,0.8271092669432918,0.8989777510523151
0.8626664757262655,0.833195020746888,0.8942992874109263
0.8615916955012309,0.8265560165975103,0.8997289972899729
0.8612385321095924,0.8309820193637621,0.8937816126152931
0.8624036540103484,0.8356846473029046,0.8908876437629017
0.862939841089171,0.8412171507607192,0.8858141567142441
0.8615827338124504,0.8282157676348548,0.8977511244377812
0.8617839840405378,0.8365145228215768,0.8886276814575375
0.860128847529923,0.8309820193637621,0.8913946587537092
0.8625714285709292,0.8351313969571231,0.8918759231905465
0.8619354838704685,0.8315352697095436,0.8946428571428572
0.8626725487400725,0.8384508990318119,0.888335287221571
0.8629296819278987,0.8367911479944675,0.89075382803298
0.8623011892816328,0.8323651452282158,0.8944708680142688
0.8631003738850344,0.83015214384509,0.8987720874513327
0.8626609442055092,0.8340248962655602,0.8933333333333333
0.8628974248304604,0.8295988934993085,0.8989808153477218
0.8624141876425211,0.8340248962655602,0.892804264139769
0.862622531609104,0.8398340248962656,0.8866822429906542
0.8620293187692623,0.8295988934993085,0.8970984145976668
0.8622120475027198,0.8334716459197787,0.8930053349140487
0.8624535315980135,0.8343015214384509,0.8925717667949097
0.862374821172605,0.8337482710926695,0.8930370370370371
0.8623219680616502,0.829045643153527,0.8983812949640287
0.8625943329056659,0.8378976486860304,0.8887910798122066
0.8598881399679503,0.8293222683264178,0.8927933293627159
0.8611589213993858,0.8304287690179807,0.894250819183795
0.8629587155958309,0.8326417704011065,0.8955667955965486
0.8617511520732335,0.8276625172890733,0.8987683989185942
0.861737257716658,0.83015214384509,0.8958208955223881
0.8618072461687689,0.8323651452282158,0.8934085510688836
0.8627730972435387,0.8356846473029046,0.8916765053128689
0.8629704108009945,0.8309820193637621,0.8975201673140125
0.8619402985069633,0.8307053941908714,0.8956158663883089
0.8631070718540871,0.8406639004149378,0.886781441494018
0.8629903354173513,0.8398340248962656,0.887459807073955
0.8608032244129166,0.8271092669432918,0.897358943577431
0.8626096964460552,0.8293222683264178,0.8986810551558753
0.8616760421169104,0.8262793914246196,0.9002411091018686
0.8622081291433463,0.8273858921161825,0.9000902798675895
0.8607630979493865,0.8362378976486861,0.8867703138750367
0.8621675722042474,0.8340248962655602,0.8922758212488902
0.861800346219928,0.8262793914246196,0.9005125113053964
0.8625701539784906,0.829045643153527,0.8989202159568086
0.8622019134651581,0.8351313969571231,0.891086186540732
0.8612675039694735,0.8251728907330567,0.9006642512077294
0.8623958632571852,0.8304287690179807,0.8969226172691963
0.8621928437988973,0.8298755186721992,0.8971291866028708
0.8625592417056619,0.8307053941908714,0.8969534050179212
0.8622565864828913,0.8329183955739973,0.8937370139507272
0.8607631389483849,0.8268326417704011,0.8975975975975976
0.8624482216821173,0.8351313969571231,0.8916125221500295
0.8612191958490467,0.8265560165975103,0.8989169675090253
0.8613433266065922,0.8265560165975103,0.8991874811916942
0.8602983362014512,0.8295988934993085,0.893357164134644
0.8618119266050053,0.8315352697095436,0.8943766736090449
0.8631698973769234,0.8376210235131397,0.8903263745957072
0.8617956477873665,0.8271092669432918,0.8995186522262335
0.8623250499852188,0.8351313969571231,0.8913492766459994
0.8617326448646757,0.8309820193637621,0.8948465892165625
0.8628179479846392,0.8351313969571231,0.892403192432752
0.8632417816986607,0.8390041493775934,0.8889214536928488
0.8629136226896597,0.833195020746888,0.8948306595365418
0.862469525311418,0.8318118948824343,0.895473496128648
0.8601590744752783,0.8226832641770401,0.9012121212121212
0.8629194149693888,0.8323651452282158,0.8958023221196785
0.8614587829084346,0.8282157676348548,0.8974820143884892
0.8615916955012309,0.8265560165975103,0.8997289972899729
0.8621726062682854,0.833195020746888,0.8932384341637011
0.863260062802812,0.8365145228215768,0.8917723385432026
0.8610792192876752,0.8298755186721992,0.8947211452430659
0.860068259385166,0.8365145228215768,0.8849868305531168
0.8611548932506827,0.8312586445366529,0.893281807372176
0.8626052218571122,0.8362378976486861,0.8906894519740719
0.8628343767781002,0.8387275242047026,0.8883680046879578
0.8619295205078776,0.8254495159059474,0.9017830160169236
0.8620441112868007,0.8271092669432918,0.9000602046959663
0.8623643632205171,0.8354080221300139,0.8911183239893774
0.8626775721045372,0.8315352697095436,0.8962432915921288
0.8622771707873098,0.8295988934993085,0.8976354384914697
0.8637077208500785,0.8370677731673583,0.8920990566037735
0.8628905692675845,0.8365145228215768,0.8909840895698291
0.8619354838704685,0.8315352697095436,0.8946428571428572
0.8621381484661099,0.8320885200553251,0.8944394885518882
0.860777587192182,0.8329183955739973,0.8905649216208222
0.8626216370916585,0.8337482710926695,0.8935665579602727
0.8615606936411193,0.8246196403872752,0.9019667170953102
0.8624036540103484,0.8356846473029046,0.8908876437629017
0.8614146060949579,0.8287690179806363,0.8967375037413948
0.8608683192429453,0.8309820193637621,0.8929845422116528
0.862997993693969,0.8329183955739973,0.8953315492120131
0.8628179479846392,0.8351313969571231,0.892403192432752
0.8628963153379752,0.8356846473029046,0.8919397697077059
0.8596069560294733,0.8409405255878285,0.8791208791208791
0.8619054461842974,0.8295988934993085,0.8968301435406698
0.8613662456941047,0.83015214384509,0.8950193856248136
0.8613704927447959,0.8293222683264178,0.8959952181709504
0.861851533390157,0.8318118948824343,0.8941421349985132
0.8618562616549302,0.8309820193637621,0.8951132300357568
0.8615604867568377,0.8323651452282158,0.8928783382789317
0.8621381484661099,0.8320885200553251,0.8944394885518882
0.8620590765696182,0.8315352697095436,0.8949091991664185
0.8610354223428249,0.8304287690179807,0.8939845145920191
0.8616714697401348,0.8271092669432918,0.8992481203007519
0.8625035806354215,0.8329183955739973,0.8942678942678942
0.8621381484661099,0.8320885200553251,0.8944394885518882
0.8616135515355329,0.83015214384509,0.8955535660996717
0.8620441112868007,0.8271092669432918,0.9000602046959663
0.8611348731104214,0.8354080221300139,0.8884966166519565
0.8619102416565778,0.8287690179806363,0.8978124063530117
0.8616397195588081,0.8329183955739973,0.8924125666864257
0.8605748605743612,0.8323651452282158,0.8907637655417406
0.8607703281022108,0.8345781466113417,0.8886597938144329
0.8626720183481245,0.8323651452282158,0.8952692650996728
0.8625987078243392,0.8309820193637621,0.8967164179104478
0.8624429223739297,0.8359612724757953,0.8906572354848217
0.8609556607829704,0.8298755186721992,0.8944543828264758
0.8634474853125826,0.8334716459197787,0.8956599286563615
0.8624641833805894,0.8326417704011065,0.8945022288261516
0.8623406388764523,0.8326417704011065,0.8942364824717766
0.8625605930990157,0.8367911479944675,0.889967637540453
0.8618863603830701,0.8329183955739973,0.8929418742586003
0.8627169703050522,0.8318118948824343,0.8960071513706794
0.8618119266050053,0.8315352697095436,0.8943766736090449
0.8621089223633481,0.8232365145228215,0.904834296138644
0.8627394909917797,0.8345781466113417,0.8928677123409293
0.8621575342460758,0.8356846473029046,0.8903625110521662
0.8628343767781002,0.8387275242047026,0.8883680046879578
0.8623905868842762,0.8312586445366529,0.8959451401311866
0.8620837501781484,0.8343015214384509,0.8917800118273211
0.8607631389483849,0.8268326417704011,0.8975975975975976
0.8620837501781484,0.8343015214384509,0.8917800118273211
0.8627843754466319,0.8340248962655602,0.8935981031416717
0.8624875053543484,0.8354080221300139,0.8913813459268005
0.8628743372971077,0.8329183955739973,0.8950653983353151
0.8618072461687689,0.8323651452282158,0.8934085510688836
0.8629745932053241,0.8362378976486861,0.8914774402831024
0.8628571428566435,0.8354080221300139,0.8921713441654358
0.8608720596667411,0.83015214384509,0.8939529341674114
0.8619548006328678,0.8282157676348548,0.8985594237695078
0.8614103116467792,0.8295988934993085,0.8957586618876942
0.8624482216821173,0.8351313969571231,0.8916125221500295
0.86147681740076,0.8326417704011065,0.8923806700266825
0.8635455324003,0.8367911479944675,0.8920672368033029
0.8615693587715563,0.8307053941908714,0.8948152562574494
0.8626554237525376,0.8348547717842324,0.8923713778829095
0.8618848318655711,0.8260027662517289,0.9010259505129753
0.8622805765657914,0.8356846473029046,0.890625
0.8633461047249154,0.84149377593361,0.8863636363636364
0.8620043258827019,0.8268326417704011,0.9003012048192771
0.8627730972435387,0.8356846473029046,0.8916765053128689
0.8618848318655711,0.8260027662517289,0.9010259505129753
0.8629136226896597,0.833195020746888,0.8948306595365418
0.8622375611154053,0.8293222683264178,0.8978736148547469
0.8625360230542558,0.827939142461964,0.9001503759398496
0.8628514342795062,0.8362378976486861,0.8912146226415094
0.8637400228045174,0.8381742738589212,0.8909144369303146
0.8627787307027596,0.8348547717842324,0.8926353149955635
0.860378440366473,0.83015214384509,0.8928890211246653
0.8628571428566435,0.8354080221300139,0.8921713441654358
0.8612824558881823,0.8304287690179807,0.8945172824791419
0.8612633400629562,0.8260027662517289,0.8996685748719494
0.8624641833805894,0.8326417704011065,0.8945022288261516
0.8627339761764714,0.84149377593361,0.8850741926098341
0.8627338951573351,0.8354080221300139,0.8919078558771412
0.8608321377326428,0.8298755186721992,0.8941877794336811
0.8619605601595463,0.8343015214384509,0.8915164055571978
0.8626554237525376,0.8348547717842324,0.8923713778829095
0.8616929698703758,0.8307053941908714,0.8950819672131147
0.8626609442055092,0.8340248962655602,0.8933333333333333
0.8626106826615971,0.8354080221300139,0.8916445231768527
0.8627956989242318,0.8323651452282158,0.8955357142857143
0.8619557458952891,0.8351313969571231,0.8905604719764012
0.8620043258827019,0.8268326417704011,0.9003012048192771
0.8620043258827019,0.8268326417704011,0.9003012048192771
0.8621776504293001,0.8323651452282158,0.8942050520059436
0.862374821172605,0.8337482710926695,0.8930370370370371
0.8625660054226487,0.8359612724757953,0.8909198113207547
0.8622081291433463,0.8273858921161825,0.9000902798675895
0.8621532269651467,0.8295988934993085,0.8973668461998803
0.862542955325961,0.833195020746888,0.8940338379341051
0.8621877691640141,0.8307053941908714,0.8961504028648165
0.8629181494656926,0.8384508990318119,0.8888563049853373
0.861851533390157,0.8318118948824343,0.8941421349985132
0.8624535315980135,0.8343015214384509,0.8925717667949097
0.8614405553943519,0.823789764868603,0.9026977872082449
0.8628013777262515,0.8315352697095436,0.8965105875335521
0.8626106826615971,0.8354080221300139,0.8916445231768527
0.8623406388764523,0.8326417704011065,0.8942364824717766
0.8626554237525376,0.8348547717842324,0.8923713778829095
0.8620345270361676,0.8356846473029046,0.8901001767825575
0.8628800917952553,0.8320885200553251,0.8960381292820971
0.8626326355027986,0.8320885200553251,0.8955046144685919
0.8629252188885491,0.8315352697095436,0.8967780429594272
0.8626326355027986,0.8320885200553251,0.8955046144685919
0.8623879322607783,0.8381742738589212,0.888042203985932
0.8631130063960888,0.8398340248962656,0.887719298245614
0.8624856156496734,0.8293222683264178,0.8984117470782139
0.8628514342795062,0.8362378976486861,0.8912146226415094
0.8617604617599626,0.8260027662517289,0.9007541478129714
0.8615782664936792,0.829045643153527,0.8967684021543986
0.8626389284691499,0.837344398340249,0.8895092565383486
0.8626664757262655,0.833195020746888,0.8942992874109263
0.8625605930990157,0.8367911479944675,0.889967637540453
0.8619318181813185,0.8392807745504841,0.8858394160583941
0.8625197529085656,0.8304287690179807,0.8971906754333533
0.862385321100418,0.8320885200553251,0.8949717346027968
0.8610556348069183,0.8348547717842324,0.8889543446244477
0.8628293241690309,0.8334716459197787,0.8943306619174829
0.8613433266065922,0.8265560165975103,0.8991874811916942
0.8618800461356024,0.8268326417704011,0.9000301114122252
0.8623011892816328,0.8323651452282158,0.8944708680142688
0.8619402985069633,0.8307053941908714,0.8956158663883089
0.8609119587032574,0.8304287690179807,0.8937183685620721
0.862213244841515,0.8265560165975103,0.9010856453558505
0.8621827047176994,0.8315352697095436,0.8951756998213222
0.8623354321689339,0.8334716459197787,0.8932700859768752
0.8616307296867775,0.8345781466113417,0.890495867768595
0.8617558022194807,0.8268326417704011,0.8997591812161349
0.8629587155958309,0.8326417704011065,0.8955667955965486
0.8624588521535008,0.8334716459197787,0.8935349940688019
0.8619645175243819,0.8265560165975103,0.9005424954792043
0.8612675039694735,0.8251728907330567,0.9006642512077294
0.8612426460032315,0.83015214384509,0.894752534287418
0.8616315941188435,0.8268326417704011,0.8994884140836593
0.8616567036715755,0.837344398340249,0.8874230430958663
0.8609195402293857,0.8287690179806363,0.8956651718983557
0.8619702176398213,0.8326417704011065,0.8934401899673493
0.8634549600907204,0.8378976486860304,0.8906204057630108
0.8620296465217353,0.8365145228215768,0.8891502499264922
0.8627563459051367,0.8320885200553251,0.8957712924359738
0.862385321100418,0.8320885200553251,0.8949717346027968
0.8626664757262655,0.833195020746888,0.8942992874109263
0.8622960206121545,0.833195020746888,0.8935034114506081
0.8620838737565262,0.8273858921161825,0.8998194945848376
0.8617006124478696,0.8367911479944675,0.8881385789782736
0.8621135873467329,0.8293222683264178,0.8976047904191616
0.8625213918991012,0.8365145228215768,0.890197232852517
0.8611670020115731,0.8287690179806363,0.8962010170505534
0.8615428489942245,0.8356846473029046,0.88905238375515
0.8628905692675845,0.8365145228215768,0.8909840895698291
0.8626389284691499,0.837344398340249,0.8895092565383486
0.8623250499852188,0.8351313969571231,0.8913492766459994
0.8621185952787179,0.8284923928077456,0.8985898589858986
0.8630468861331758,0.8376210235131397,0.8900646678424456
0.8634812286684422,0.8398340248962656,0.8884986830553117
0.8615296312234927,0.8304287690179807,0.8950506857483602
0.8626943005176355,0.829045643153527,0.8991899189918992
0.8629745932053241,0.8362378976486861,0.8914774402831024
0.8632806942661101,0.8392807745504841,0.8886936145284124
0.8625714285709292,0.8351313969571231,0.8918759231905465
0.8622514661702917,0.8337482710926695,0.8927725118483413
0.8619102416565778,0.8287690179806363,0.8978124063530117
0.8628472222217232,0.8248962655601659,0.9044585987261147
0.8614189091950685,0.827939142461964,0.8977204559088182
0.862186788154398,0.8376210235131397,0.8882370196538575
0.8620689655167422,0.8298755186721992,0.8968609865470852
0.8611348731104214,0.8354080221300139,0.8884966166519565
0.8608720596667411,0.83015214384509,0.8939529341674114
0.8613493424809185,0.8334716459197787,0.891156462585034
0.8600288600283609,0.8243430152143845,0.8989441930618401
0.8619451228266807,0.8298755186721992,0.8965929468021518
0.8631130063960888,0.8398340248962656,0.887719298245614
0.8619246861919695,0.8262793914246196,0.9007840772014475
0.8626943005176355,0.829045643153527,0.8991899189918992
0.8623958632571852,0.8304287690179807,0.8969226172691963
0.8633380884445789,0.8370677731673583,0.8913107511045656
0.861115092446111,0.8309820193637621,0.8935157644259369
0.8622685185180196,0.8243430152143845,0.9038519866545345
0.8629485516640059,0.8282157676348548,0.9007220216606499
0.8600347021394662,0.8226832641770401,0.9009391093607998
0.8623354321689339,0.8334716459197787,0.8932700859768752
0.8631968145615025,0.8395573997233748,0.8882060286801288
0.8631156930121009,0.8337482710926695,0.8946274859008608
0.8632929436915887,0.8376210235131397,0.8905882352941177
0.8628974248304604,0.8295988934993085,0.8989808153477218
0.8628628628623634,0.8345781466113417,0.8931320307874482
0.8625375482758559,0.8340248962655602,0.893068720379147
0.8602857142852147,0.8329183955739973,0.8895125553914328
0.8629845236399944,0.8406639004149378,0.8865227537922987
0.8628179479846392,0.8351313969571231,0.892403192432752
0.8607486017491063,0.83015214384509,0.8936867182846933
0.8620443173690502,0.8340248962655602,0.8920118343195266
0.8628350293817566,0.8326417704011065,0.8953004164187983
0.8621331424476038,0.8329183955739973,0.8934718100890208
0.8629136226896597,0.833195020746888,0.8948306595365418
0.862912400454563,0.8392807745504841,0.8879133743049459
0.8624513898885978,0.8282157676348548,0.8996394230769231
0.8615164520738925,0.8329183955739973,0.8921481481481481
0.8625267665947896,0.8356846473029046,0.8911504424778761
0.861107096400715,0.8240663900414937,0.9016343825665859
0.8628457370967346,0.8370677731673583,0.8902618417181524
0.8625390514053509,0.8401106500691563,0.8861978406769769
0.8623115577884454,0.8307053941908714,0.8964179104477612
0.8619548006328678,0.8282157676348548,0.8985594237695078
0.8626389284691499,0.837344398340249,0.8895092565383486
0.8625321520429415,0.8348547717842324,0.8921075968075672
0.8605611736214915,0.8356846473029046,0.8869641808573107
0.8627225732332743,0.8309820193637621,0.8969841743804121
0.8620195065973205,0.8312586445366529,0.8951444742329461
0.8628293241690309,0.8334716459197787,0.8943306619174829
0.8622668579621978,0.8312586445366529,0.8956780923994039
0.8625592417056619,0.8307053941908714,0.8969534050179212
0.8614595210941414,0.8359612724757953,0.8885621875918848
0.8628905692675845,0.8365145228215768,0.8909840895698291
0.8622120475027198,0.8334716459197787,0.8930053349140487
0.8618911174780107,0.8320885200553251,0.8939078751857356
0.8617280412661578,0.8318118948824343,0.8938763376932224
0.8600288600283609,0.8243430152143845,0.8989441930618401
0.8615428900398001,0.827939142461964,0.897989798979898
0.8630586891327291,0.8359612724757953,0.8919716646989374
0.8628350293817566,0.8326417704011065,0.8953004164187983
0.8619402985069633,0.8307053941908714,0.8956158663883089
0.8615867579903681,0.8351313969571231,0.8897730621868553
0.8614146060949579,0.8287690179806363,0.8967375037413948
0.8620886981397009,0.8334716459197787,0.8927407407407407
0.861653272100534,0.8304287690179807,0.8953176260065613
0.8621767547593752,0.8392807745504841,0.8863569967864446
0.8604053668279332,0.8337482710926695,0.8888233559422
0.8612068965512247,0.829045643153527,0.8959641255605382
0.8619354838704685,0.8315352697095436,0.8946428571428572
0.8614060258244648,0.8304287690179807,0.8947839046199701
0.8626891236078362,0.8359612724757953,0.8911825420230021
0.8624768419547519,0.8370677731673583,0.8894767783656673
0.8623324203541209,0.8273858921161825,0.9003612281757977
0.860705073086345,0.8307053941908714,0.8929527207850134
0.8617558022194807,0.8268326417704011,0.8997591812161349
0.8623271889395929,0.8282157676348548,0.8993691799339141
0.8627169703050522,0.8318118948824343,0.8960071513706794
0.8615473274739281,0.8271092669432918,0.8989777510523151
0.8614189091950685,0.827939142461964,0.8977204559088182
0.8625834872810124,0.8395573997233748,0.8869082407948569
0.8608931373942785,0.8345781466113417,0.8889216263995285
0.8622463561012438,0.8345781466113417,0.8918120011823825
0.8623250499852188,0.8351313969571231,0.8913492766459994
0.862498211474676,0.8337482710926695,0.8933017190278602
0.8606370875990453,0.8370677731673583,0.8855721393034826
0.8601469105568966,0.8260027662517289,0.8972355769230769
0.8600751662325163,0.8229598893499308,0.9006963366636391
0.8599171783516353,0.8329183955739973,0.8887249114521841
0.8624802414134971,0.83015214384509,0.8974282296650717
0.863088404132681,0.8318118948824343,0.8968088279152997
0.8630646083471277,0.8351313969571231,0.8929310854776693
0.8615164520738925,0.8329183955739973,0.8921481481481481
0.8622941510500398,0.8401106500691563,0.8856809565470983
0.86147681740076,0.8326417704011065,0.8923806700266825
0.86309778729429,0.8362378976486861,0.891740412979351
